 Table S3	Differentially methylated CpG sites between CF patients and controls						
Probe ID	Gene 	p-value	Median β CF patients	Median β Controls	Genomic location	Island status	*Enhancer
cg00004089	MXRA7	6.9E-03	0,71	0,81	Body	Open sea	TRUE
cg00035000	RUNX3	1.7E-03	0,11	0,23	Body	N_Shore	FALSE
cg00040486	-	2.1E-04	0,68	0,54	Intergenic	N_Shore	FALSE
cg00067058	GPATCH3	3.3E-03	0,66	0,77	Body	S_Shelf	FALSE
cg00083596	SDK1	4.8E-03	0,80	0,65	Body	Open sea	FALSE
cg00091064	-	3.6E-03	0,65	0,55	Intergenic	Island	FALSE
cg00106621	ICA1	3.8E-03	0,11	0,30	5' UTR	N_Shore	FALSE
cg00132509	SLC22A23	1.9E-03	0,76	0,90	Body	Open sea	FALSE
cg00146233	-	1.9E-03	0,86	0,73	Intergenic	N_Shore	TRUE
cg00147638	RUNX3	5.2E-03	0,59	0,48	3' UTR	N_Shore	FALSE
cg00148223	-	9.5E-04	0,46	0,58	Intergenic	N_Shore	TRUE
cg00157656	ERICH1	5.6E-03	0,79	0,60	Body	Open sea	FALSE
cg00176876	HLTF	7.9E-03	0,67	0,52	3' UTR	Open sea	FALSE
cg00192468	-	7.2E-05	0,82	0,70	Intergenic	Open sea	TRUE
cg00208274	FOXK1	5.6E-03	0,83	0,68	Body	Open sea	FALSE
cg00228796	ECE1	5.6E-03	0,54	0,41	Body	N_Shore	FALSE
cg00258445	-	9.8E-03	0,73	0,60	Intergenic	Open sea	TRUE
cg00275828	KRTAP2-4	7.2E-05	0,35	0,50	TSS1500	Open sea	FALSE
cg00297741	-	3.6E-03	0,70	0,84	Intergenic	Open sea	FALSE
cg00310044	TESK2	8.5E-03	0,58	0,47	Body	Open sea	TRUE
cg00313094	CYP7B1	2.2E-03	0,55	0,66	Body	Open sea	TRUE
cg00316341	CUBN	6.9E-03	0,40	0,51	Body	Open sea	TRUE
cg00331032	C22orf23	2.8E-03	0,81	0,67	3' UTR	Open sea	FALSE
cg00334933	SEMA3D	2.4E-03	0,72	0,50	Body	Open sea	FALSE
cg00336946	A2LD1	1.3E-03	0,82	0,63	TSS1500	S_Shore	FALSE
cg00347620	TBX3	8.5E-03	0,46	0,32	Body	Island	FALSE
cg00351813	-	6.6E-04	0,62	0,44	Intergenic	Open sea	FALSE
cg00415333	IL22RA2	2.8E-03	0,80	0,67	5' UTR	Open sea	TRUE
cg00450029	-	9.5E-04	0,91	0,77	Intergenic	N_Shore	FALSE
cg00456343	-	6.4E-03	0,20	0,48	Intergenic	Island	FALSE
cg00457087	DDR2	1.2E-04	0,47	0,60	5' UTR	Open sea	FALSE
cg00476771	-	3.0E-03	0,60	0,38	Intergenic	N_Shore	TRUE
cg00499237	NEURL3	3.8E-04	0,51	0,37	Body	S_Shelf	FALSE
cg00511577	-	1.9E-03	0,66	0,51	Intergenic	Open sea	TRUE
cg00512459	-	1.0E-03	0,67	0,56	Intergenic	Open sea	TRUE
cg00552696	-	1.1E-03	0,76	0,87	Intergenic	Open sea	TRUE
cg00615485	CHN2	1.7E-03	0,58	0,72	5' UTR	Open sea	TRUE
cg00637745	-	1.7E-03	0,44	0,26	Intergenic	N_Shore	FALSE
cg00661732	PTPRG	2.8E-03	0,66	0,53	Body	Open sea	TRUE
cg00701890	ADCY9	6.4E-03	0,58	0,71	Body	Open sea	FALSE
cg00701951	HTRA1	2.0E-03	0,53	0,70	Body	Open sea	TRUE
cg00723994	-	4.6E-04	0,24	0,11	Intergenic	Island	FALSE
cg00772959	-	2.0E-03	0,47	0,58	Intergenic	Open sea	TRUE
cg00777445	-	4.8E-03	0,32	0,53	Intergenic	Open sea	TRUE
cg00780364	NOTCH4	1.5E-03	0,62	0,74	Body	Open sea	FALSE
cg00780666	C14orf179	9.5E-04	0,72	0,62	TSS1500	N_Shore	FALSE
cg00855685	SEMA5A	9.1E-03	0,62	0,51	5' UTR	N_Shore	FALSE
cg00865390	-	7.9E-03	0,64	0,76	Intergenic	Open sea	TRUE
cg00868074	ZCCHC14	9.5E-04	0,44	0,54	3' UTR	Island	FALSE
cg00872104	-	3.1E-04	0,74	0,85	Intergenic	Open sea	TRUE
cg00906420	ROBO1	4.8E-03	0,53	0,43	Body	Open sea	TRUE
cg00927503	-	4.1E-03	0,63	0,75	Intergenic	Open sea	TRUE
cg00929376	RUNX3	3.8E-03	0,53	0,35	TSS1500	Island	FALSE
cg00935967	LOC100133612	3.1E-04	0,37	0,48	Body	N_Shore	FALSE
cg00965133	BLCAP	2.8E-03	0,35	0,47	TSS1500	S_Shore	FALSE
cg00975971	ANKH	5.0E-04	0,56	0,71	Body	Open sea	TRUE
cg01025095	-	7.4E-03	0,59	0,46	Intergenic	Open sea	FALSE
cg01057882	-	2.2E-03	0,73	0,62	Intergenic	Open sea	TRUE
cg01097897	PPM1H	9.8E-03	0,40	0,53	Body	Open sea	TRUE
cg01119319	-	2.8E-04	0,37	0,24	Intergenic	Open sea	FALSE
cg01129238	C6orf105	2.0E-05	0,37	0,26	TSS1500	Open sea	FALSE
cg01144768	-	2.8E-03	0,81	0,96	Intergenic	Island	FALSE
cg01154527	AKAP12	8.5E-03	0,36	0,52	Body	N_Shore	FALSE
cg01213447	NR2F2	1.3E-03	0,30	0,15	Body	N_Shore	FALSE
cg01262913	DSCR9	3.8E-03	0,09	0,29	TSS1500	Open sea	TRUE
cg01281718	SMAP1	1.9E-04	0,65	0,44	TSS1500	N_Shore	FALSE
cg01330456	-	1.3E-03	0,74	0,88	Intergenic	Open sea	TRUE
cg01332054	STRA6	8.0E-06	0,59	0,47	5' UTR	Open sea	TRUE
cg01359274	ACACA	2.6E-03	0,49	0,34	Body	Open sea	TRUE
cg01432329	-	7.3E-04	0,70	0,86	Intergenic	Open sea	FALSE
cg01474781	AFF3	6.9E-03	0,57	0,69	Body	Open sea	TRUE
cg01477326	-	3.1E-04	0,48	0,60	Intergenic	N_Shore	FALSE
cg01498219	GNA12	2.2E-03	0,89	0,76	Body	Open sea	TRUE
cg01542693	C21orf128	6.0E-03	0,30	0,42	TSS200	S_Shore	FALSE
cg01557221	APOL3	9.8E-03	0,52	0,35	TSS1500	Open sea	FALSE
cg01566312	-	4.1E-03	0,58	0,69	Intergenic	Open sea	TRUE
cg01613294	APOL3	6.1E-04	0,76	0,66	TSS1500	Open sea	FALSE
cg01623879	-	6.6E-04	0,33	0,45	Intergenic	Open sea	TRUE
cg01635742	ADAMTS9	8.0E-05	0,70	0,81	Body	Open sea	TRUE
cg01641620	PANX2	1.4E-04	0,64	0,54	Body	S_Shore	FALSE
cg01656588	-	1.9E-03	0,61	0,47	Intergenic	N_Shore	TRUE
cg01671681	PLCH1	2.1E-04	0,27	0,42	5' UTR	Open sea	TRUE
cg01677628	-	7.9E-03	0,56	0,44	Intergenic	Open sea	FALSE
cg01685893	BCO2	4.6E-04	0,53	0,34	5' UTR	Open sea	FALSE
cg01714284	ACSL1	4.1E-03	0,17	0,50	Body	Open sea	TRUE
cg01714756	SERPINA6	1.5E-03	0,55	0,68	Body	Open sea	FALSE
cg01723761	A2LD1	2.8E-04	0,46	0,34	TSS200	S_Shore	FALSE
cg01727585	KLHL25	8.0E-04	0,35	0,45	5' UTR	S_Shore	FALSE
cg01749539	SEPT9	1.3E-03	0,38	0,48	5' UTR	Open sea	TRUE
cg01781018	-	4.6E-04	0,53	0,64	Intergenic	N_Shore	FALSE
cg01788910	CBS	3.8E-03	0,32	0,50	3' UTR	N_Shore	FALSE
cg01790894	PAX3	6.4E-03	0,25	0,14	TSS200	N_Shore	FALSE
cg01810623	-	3.3E-03	0,63	0,51	Intergenic	Open sea	TRUE
cg01815626	-	4.3E-04	0,19	0,29	Intergenic	Open sea	TRUE
cg01815690	GOLSYN	5.0E-04	0,74	0,61	Body	Open sea	TRUE
cg01819568	KIT	1.9E-04	0,45	0,60	Body	S_Shelf	FALSE
cg01820093	-	8.5E-03	0,35	0,53	Intergenic	Open sea	TRUE
cg01832935	-	3.4E-04	0,71	0,82	Intergenic	Open sea	FALSE
cg01835506	GYPC	8.5E-03	0,19	0,08	Body	S_Shore	TRUE
cg01837375	SYCE2	6.4E-03	0,61	0,46	TSS1500	S_Shore	FALSE
cg01873637	NOTCH4	2.6E-03	0,62	0,76	Body	Open sea	FALSE
cg01875784	-	1.2E-03	0,41	0,21	Intergenic	N_Shore	TRUE
cg01891259	-	6.4E-05	0,62	0,75	Intergenic	N_Shore	FALSE
cg01899581	DIAPH3	9.0E-05	0,64	0,47	Body	N_Shelf	FALSE
cg01909856	NOTCH1	4.8E-03	0,41	0,55	Body	N_Shore	FALSE
cg01915328	-	5.6E-03	0,69	0,58	Intergenic	Open sea	FALSE
cg01922684	-	9.8E-03	0,58	0,42	Intergenic	Open sea	TRUE
cg01942318	-	8.0E-04	0,69	0,51	Intergenic	Open sea	TRUE
cg01946401	SUPT3H	3.8E-03	0,26	0,47	5' UTR	Open sea	TRUE
cg01948850	VGLL4	9.5E-04	0,72	0,83	Body	Open sea	FALSE
cg01965462	ERBB4	8.5E-03	0,36	0,24	Body	N_Shore	FALSE
cg01965552	-	9.5E-04	0,63	0,77	Intergenic	Open sea	TRUE
cg01977473	GRAMD3	6.9E-03	0,53	0,41	5' UTR	Open sea	FALSE
cg01983293	-	5.0E-04	0,53	0,69	Intergenic	N_Shore	TRUE
cg02005909	-	4.8E-03	0,63	0,52	Intergenic	Open sea	FALSE
cg02026049	BAIAP2	7.9E-03	0,65	0,76	Body	N_Shelf	FALSE
cg02043791	FGFR1	1.9E-03	0,45	0,63	5' UTR	N_Shore	FALSE
cg02066936	SSBP3	4.8E-03	0,70	0,48	Body	Open sea	TRUE
cg02075590	ANKRD50	7.9E-03	0,51	0,66	5' UTR	Open sea	TRUE
cg02085294	SLC1A4	6.4E-05	0,46	0,32	5' UTR	S_Shelf	FALSE
cg02096220	-	3.6E-05	0,30	0,85	Intergenic	S_Shelf	FALSE
cg02101307	RGR	7.4E-03	0,37	0,51	TSS1500	Open sea	FALSE
cg02162897	CYP1B1	1.5E-04	0,74	0,64	Body	N_Shore	FALSE
cg02177444	-	2.0E-03	0,67	0,43	Intergenic	Open sea	TRUE
cg02181847	TFAP2A	3.6E-03	0,11	0,22	Body	Island	FALSE
cg02208432	ACER3	7.9E-03	0,16	0,26	TSS1500	N_Shore	FALSE
cg02235497	ADAM12	3.6E-03	0,66	0,77	Body	Open sea	TRUE
cg02287693	-	7.9E-03	0,48	0,60	Intergenic	Island	TRUE
cg02305289	-	9.1E-03	0,39	0,25	Intergenic	Open sea	TRUE
cg02319972	-	4.5E-03	0,49	0,38	Intergenic	Open sea	TRUE
cg02332740	MUC2	4.6E-05	0,59	0,47	TSS200	Open sea	FALSE
cg02347573	FRMD4A	3.0E-03	0,69	0,80	Body	N_Shore	FALSE
cg02370232	SORBS1	2.8E-04	0,68	0,79	Body	Open sea	FALSE
cg02372820	-	1.7E-04	0,42	0,32	Intergenic	Open sea	TRUE
cg02372856	-	2.2E-03	0,76	0,87	Intergenic	Open sea	FALSE
cg02382426	C11orf16	1.6E-03	0,73	0,60	TSS200	Open sea	TRUE
cg02399371	-	1.4E-04	0,41	0,24	Intergenic	Open sea	FALSE
cg02411088	-	1.9E-03	0,59	0,77	Intergenic	Open sea	FALSE
cg02412810	IQSEC3	5.0E-04	0,68	0,56	5' UTR	S_Shelf	FALSE
cg02413312	NCOA2	1.0E-03	0,79	0,69	5' UTR	Open sea	TRUE
cg02425595	A2LD1	5.0E-04	0,71	0,56	5' UTR	S_Shore	FALSE
cg02455706	CRISPLD2	6.9E-03	0,15	0,29	Body	Open sea	TRUE
cg02478907	BAI1	6.4E-03	0,30	0,16	1st Exon	Island	TRUE
cg02506248	-	2.0E-03	0,54	0,70	Intergenic	Open sea	FALSE
cg02520399	-	2.2E-03	0,40	0,60	Intergenic	Open sea	TRUE
cg02527375	ULK4	1.2E-03	0,65	0,76	Body	Open sea	TRUE
cg02563349	-	1.7E-04	0,56	0,70	Intergenic	Open sea	FALSE
cg02567879	C1orf187	9.8E-03	0,33	0,44	5' UTR	Open sea	FALSE
cg02643667	TFF1	7.4E-03	0,67	0,55	TSS200	Open sea	FALSE
cg02656871	-	1.2E-03	0,72	0,85	Intergenic	Island	FALSE
cg02716317	SDK1	2.4E-03	0,58	0,72	Body	Open sea	TRUE
cg02723558	BDNFOS	4.1E-03	0,44	0,64	Body	Open sea	FALSE
cg02738255	PYGB	5.5E-04	0,64	0,82	Body	S_Shelf	FALSE
cg02830202	-	6.9E-03	0,65	0,51	Intergenic	Open sea	FALSE
cg02845870	-	5.2E-03	0,53	0,42	Intergenic	S_Shelf	FALSE
cg02847220	PLD1	1.7E-03	0,64	0,75	5' UTR	Open sea	TRUE
cg02867514	CCL5	7.9E-03	0,40	0,28	5' UTR	Open sea	FALSE
cg02869156	ELF5	3.3E-03	0,68	0,53	TSS1500	Open sea	FALSE
cg02888744	NPAS3	6.4E-03	0,81	0,71	Body	Open sea	TRUE
cg02909446	SPOCK2	1.7E-04	0,32	0,22	TSS1500	S_Shore	TRUE
cg02910037	ADCY9	2.8E-03	0,75	0,86	Body	Open sea	FALSE
cg02923162	A2LD1	3.8E-03	0,91	0,79	TSS1500	S_Shore	FALSE
cg02927821	LOC730755	9.8E-03	0,52	0,63	TSS1500	Open sea	TRUE
cg02935468	-	3.3E-03	0,70	0,54	Intergenic	Open sea	TRUE
cg02951237	NUFIP1	8.0E-04	0,85	0,75	Body	Open sea	TRUE
cg02959939	PCNT	3.3E-03	0,69	0,81	Body	N_Shore	FALSE
cg02970919	LRP2BP	1.9E-04	0,61	0,81	TSS1500	Open sea	FALSE
cg02975268	AATF	6.4E-03	0,76	0,64	Body	S_Shelf	FALSE
cg03001143	METTL11B	9.1E-03	0,50	0,39	TSS1500	Open sea	TRUE
cg03044684	HUNK	4.8E-03	0,48	0,60	Body	S_Shore	TRUE
cg03047059	HHAT	1.9E-04	0,56	0,68	Body	Open sea	TRUE
cg03115048	-	8.0E-05	0,66	0,78	Intergenic	N_Shelf	FALSE
cg03125400	-	4.0E-06	0,23	0,39	Intergenic	Island	FALSE
cg03126567	-	9.8E-03	0,57	0,73	Intergenic	Open sea	FALSE
cg03138446	SLC27A3	2.2E-03	0,59	0,69	TSS1500	N_Shore	FALSE
cg03145486	NOTCH4	6.4E-03	0,60	0,71	Body	Open sea	FALSE
cg03171924	RUNX3	2.0E-03	0,47	0,37	Body	Island	FALSE
cg03179450	TSSC1	8.7E-04	0,65	0,76	Body	Open sea	FALSE
cg03182000	VGLL4	1.3E-03	0,53	0,65	Body	Open sea	FALSE
cg03282295	CAP2	7.4E-03	0,66	0,76	5' UTR	Open sea	TRUE
cg03290281	C6orf195	2.2E-03	0,57	0,79	5' UTR	N_Shore	TRUE
cg03301671	FAT1	2.3E-04	0,72	0,82	Body	Open sea	FALSE
cg03331035	MIR30B	5.6E-03	0,59	0,69	TSS1500	Open sea	FALSE
cg03339247	ZFHX3	1.6E-03	0,72	0,61	5' UTR	Open sea	TRUE
cg03345116	ZBTB16	3.0E-03	0,49	0,30	Body	Open sea	TRUE
cg03393769	-	1.7E-03	0,68	0,80	Intergenic	Open sea	TRUE
cg03398919	-	4.8E-03	0,56	0,75	Intergenic	Open sea	FALSE
cg03399655	CD200R1L	6.0E-03	0,66	0,51	Body	Open sea	TRUE
cg03415518	RMST	4.1E-03	0,86	0,76	Body	Open sea	FALSE
cg03432241	ITIH5	4.6E-04	0,76	0,88	Body	Open sea	TRUE
cg03454863	TOX2	1.1E-03	0,64	0,75	Body	Open sea	TRUE
cg03466841	MPP6	6.0E-03	0,77	0,67	Body	Open sea	FALSE
cg03469869	COL4A2	3.6E-03	0,42	0,58	Body	Open sea	TRUE
cg03471346	ABL2	9.0E-05	0,63	0,76	1st Exon	Open sea	FALSE
cg03603593	-	4.8E-03	0,77	0,65	Intergenic	Open sea	TRUE
cg03621974	CD163	5.5E-04	0,40	0,57	Body	Open sea	TRUE
cg03633114	CYYR1	6.4E-03	0,32	0,61	TSS1500	S_Shore	FALSE
cg03646740	RASA3	1.0E-03	0,83	0,71	Body	N_Shore	FALSE
cg03647549	-	1.1E-03	0,43	0,61	Intergenic	Open sea	TRUE
cg03650119	GJC2	3.3E-03	0,64	0,76	Body	Island	FALSE
cg03653855	PPP2R2B	3.0E-03	0,31	0,41	TSS1500	Open sea	FALSE
cg03655142	JTB	7.4E-03	0,51	0,41	TSS1500	S_Shore	FALSE
cg03656459	-	3.0E-03	0,47	0,35	Intergenic	Open sea	TRUE
cg03685710	-	7.9E-03	0,68	0,47	Intergenic	Open sea	FALSE
cg03697881	C7orf10	4.6E-04	0,59	0,70	Body	Open sea	TRUE
cg03755872	-	1.4E-04	0,57	0,69	Intergenic	Open sea	TRUE
cg03769939	RUNX3	5.5E-04	0,56	0,72	Body	N_Shore	TRUE
cg03794679	-	7.9E-03	0,58	0,42	Intergenic	Open sea	TRUE
cg03808001	-	2.6E-03	0,25	0,44	Intergenic	Open sea	FALSE
cg03809526	-	2.2E-03	0,62	0,76	Intergenic	Open sea	TRUE
cg03832697	TMCO5A	1.2E-03	0,66	0,84	5' UTR	Open sea	FALSE
cg03872376	ZP4	1.7E-04	0,47	0,61	1st Exon	Open sea	FALSE
cg03915559	LGI1	5.2E-03	0,78	0,64	Body	Open sea	TRUE
cg03917138	SOX9	5.2E-03	0,47	0,78	Body	Island	FALSE
cg03931518	FRAS1	1.7E-03	0,66	0,49	Body	S_Shelf	TRUE
cg03954048	VWA3B	1.6E-03	0,52	0,68	Body	Open sea	FALSE
cg03971808	RGS12	3.4E-04	0,55	0,41	Body	S_Shelf	TRUE
cg03980366	CAPN9	4.5E-03	0,50	0,39	TSS200	Open sea	FALSE
cg04005843	LPCAT1	1.7E-04	0,54	0,43	3' UTR	N_Shore	FALSE
cg04025970	MFHAS1	1.0E-03	0,75	0,61	Body	Open sea	TRUE
cg04057599	-	2.3E-04	0,55	0,71	Intergenic	Open sea	TRUE
cg04065304	ST18	5.6E-03	0,60	0,71	TSS200	Open sea	FALSE
cg04071964	GPR128	3.8E-03	0,54	0,70	1st Exon	Open sea	FALSE
cg04095826	PGBD5	6.9E-03	0,71	0,82	3' UTR	Open sea	FALSE
cg04118102	-	7.9E-03	0,55	0,70	Intergenic	S_Shelf	FALSE
cg04126866	C10orf99	7.2E-05	0,60	0,70	TSS1500	Open sea	FALSE
cg04129469	PAX7	6.4E-03	0,54	0,39	TSS1500	N_Shore	TRUE
cg04131792	-	1.0E-03	0,71	0,87	Intergenic	N_Shelf	FALSE
cg04156896	MFSD2A	1.5E-03	0,69	0,56	TSS1500	N_Shore	FALSE
cg04180086	IRX4	7.9E-03	0,36	0,19	Body	Island	FALSE
cg04203702	MIR572	1.5E-03	0,67	0,78	TSS1500	N_Shore	FALSE
cg04211829	ZFHX3	6.6E-04	0,60	0,46	Body	Open sea	TRUE
cg04216235	-	1.6E-03	0,31	0,45	Intergenic	Open sea	TRUE
cg04221461	AKT3	2.2E-03	0,46	0,56	Body	Open sea	FALSE
cg04223956	NEK7	1.1E-03	0,64	0,77	5' UTR	Open sea	TRUE
cg04278110	ANKRD44	1.5E-03	0,17	0,50	TSS1500	Open sea	FALSE
cg04284196	-	9.5E-04	0,70	0,56	Intergenic	Open sea	FALSE
cg04294383	CYFIP1	4.5E-03	0,64	0,75	TSS1500	Open sea	FALSE
cg04340430	LOC440839	6.0E-03	0,51	0,36	Body	Open sea	TRUE
cg04344000	DCBLD1	6.4E-03	0,59	0,42	Body	S_Shore	TRUE
cg04349084	-	3.0E-03	0,11	0,29	Intergenic	Open sea	TRUE
cg04363281	LOC84931	7.3E-04	0,63	0,53	TSS1500	Open sea	FALSE
cg04369651	MYT1L	1.6E-03	0,54	0,67	Body	Open sea	TRUE
cg04398156	-	8.5E-03	0,34	0,45	Intergenic	N_Shelf	FALSE
cg04459091	GFPT2	8.0E-04	0,76	0,88	Body	Open sea	TRUE
cg04461745	-	9.8E-03	0,50	0,39	Intergenic	S_Shore	FALSE
cg04494562	PCCA	9.5E-04	0,64	0,54	Body	Open sea	FALSE
cg04522625	MIR548A2	2.8E-03	0,74	0,63	Body	Open sea	TRUE
cg04556550	-	4.5E-03	0,42	0,56	Intergenic	N_Shelf	FALSE
cg04617936	-	3.8E-03	0,70	0,88	Intergenic	S_Shore	FALSE
cg04673465	CDS1	5.6E-03	0,37	0,22	3' UTR	Open sea	TRUE
cg04696969	SGPP2	6.0E-03	0,77	0,65	Body	Open sea	TRUE
cg04730685	-	7.9E-03	0,18	0,44	Intergenic	S_Shore	FALSE
cg04730794	DOCK2	8.5E-03	0,13	0,23	Body	Open sea	TRUE
cg04741211	EML4	7.4E-03	0,43	0,29	Body	S_Shelf	FALSE
cg04763519	-	1.7E-03	0,51	0,68	Intergenic	Island	TRUE
cg04794662	FOXP1	2.8E-03	0,28	0,38	Body	Open sea	TRUE
cg04810745	-	8.5E-03	0,43	0,56	Intergenic	Open sea	TRUE
cg04867423	DDR2	8.0E-04	0,80	0,63	5' UTR	Open sea	TRUE
cg04899656	-	6.1E-04	0,62	0,76	Intergenic	Open sea	TRUE
cg04912712	FOXN3	7.9E-03	0,44	0,25	Body	Open sea	TRUE
cg04920032	FAIM2	2.0E-03	0,32	0,19	3' UTR	Open sea	TRUE
cg04939326	FAM168A	3.8E-03	0,48	0,37	5' UTR	Open sea	TRUE
cg05033389	KIAA1026	9.5E-04	0,65	0,76	Body	Open sea	TRUE
cg05041984	SGMS1	8.5E-03	0,73	0,62	5' UTR	Open sea	TRUE
cg05057352	XYLT1	1.2E-03	0,61	0,74	Body	Open sea	TRUE
cg05093591	PDZRN3	4.8E-03	0,74	0,59	Body	Island	FALSE
cg05105740	-	4.1E-03	0,28	0,38	Intergenic	Open sea	TRUE
cg05109966	-	3.6E-03	0,73	0,88	Intergenic	S_Shore	FALSE
cg05143869	LIMK2	1.1E-03	0,86	0,72	3' UTR	S_Shore	FALSE
cg05157433	UBD	2.4E-03	0,49	0,37	TSS200	Open sea	FALSE
cg05183271	TMPRSS5	8.0E-05	0,65	0,80	TSS1500	Open sea	FALSE
cg05194316	FARP1	6.9E-03	0,94	0,83	Body	Open sea	FALSE
cg05221738	-	6.6E-04	0,69	0,79	Intergenic	N_Shore	FALSE
cg05266497	PGBD5	2.6E-03	0,68	0,79	3' UTR	Open sea	FALSE
cg05269359	SCN4B	6.0E-03	0,74	0,63	Body	Open sea	FALSE
cg05303999	KCNB1	9.5E-04	0,53	0,67	3' UTR	Open sea	FALSE
cg05308317	-	9.5E-04	0,44	0,56	Intergenic	Island	FALSE
cg05327192	KLHL35	8.5E-03	0,72	0,59	3' UTR	N_Shelf	FALSE
cg05334053	MEGF6	1.3E-03	0,80	0,91	Body	Open sea	FALSE
cg05343480	ZNF467	9.1E-03	0,77	0,90	Body	Island	FALSE
cg05352972	-	6.9E-03	0,37	0,52	Intergenic	Open sea	TRUE
cg05385282	-	2.4E-03	0,46	0,59	Intergenic	Open sea	TRUE
cg05387963	-	4.2E-04	0,72	0,85	Intergenic	Open sea	FALSE
cg05413282	PRSS3	3.6E-03	0,57	0,70	Body	Open sea	FALSE
cg05413285	-	3.3E-03	0,63	0,51	Intergenic	Open sea	TRUE
cg05470736	-	3.3E-03	0,70	0,60	Intergenic	S_Shelf	FALSE
cg05481257	GDF7	4.1E-03	0,31	0,44	Body	Island	FALSE
cg05485062	SERPINA12	8.5E-03	0,60	0,77	5' UTR	Open sea	TRUE
cg05503433	ARHGEF1	8.0E-04	0,63	0,48	Body	S_Shore	FALSE
cg05511872	SHANK2	5.2E-03	0,64	0,51	Body	Open sea	TRUE
cg05526269	PLXNA4	8.0E-04	0,54	0,65	Body	Open sea	TRUE
cg05542646	-	1.0E-03	0,55	0,70	Intergenic	N_Shore	FALSE
cg05584361	BRSK2	5.0E-04	0,84	0,72	Body	Island	TRUE
cg05591741	-	1.1E-04	0,59	0,78	Intergenic	Open sea	TRUE
cg05603252	-	6.1E-04	0,63	0,76	Intergenic	Open sea	FALSE
cg05606799	KISS1	7.9E-03	0,51	0,35	5' UTR	Open sea	FALSE
cg05613273	NARF	3.6E-03	0,74	0,59	5' UTR	S_Shelf	FALSE
cg05626616	SEPT9	3.8E-04	0,54	0,64	5' UTR	Open sea	FALSE
cg05627765	-	5.2E-03	0,52	0,66	Intergenic	Open sea	TRUE
cg05656688	RUNX3	3.0E-03	0,51	0,63	Body	N_Shore	TRUE
cg05662655	DSC2	2.1E-03	0,51	0,62	TSS1500	S_Shore	FALSE
cg05672223	-	3.2E-05	0,51	0,63	Intergenic	Island	FALSE
cg05678033	-	2.0E-03	0,66	0,55	Intergenic	N_Shore	TRUE
cg05678462	C6orf195	5.0E-04	0,32	0,51	5' UTR	N_Shore	TRUE
cg05687091	NFATC1	6.1E-04	0,54	0,64	Body	Island	FALSE
cg05696931	-	6.4E-03	0,70	0,55	Intergenic	Open sea	TRUE
cg05704183	-	6.0E-03	0,50	0,62	Intergenic	Open sea	TRUE
cg05709782	-	5.5E-04	0,37	0,57	Intergenic	Island	FALSE
cg05735590	-	7.9E-03	0,43	0,68	Intergenic	N_Shore	FALSE
cg05765580	NOS2	2.0E-03	0,36	0,49	Body	Island	TRUE
cg05782888	-	4.8E-03	0,40	0,51	Intergenic	Open sea	TRUE
cg05830842	COL14A1	1.0E-03	0,69	0,80	Body	Open sea	FALSE
cg05877528	HPS4	5.6E-03	0,17	0,37	TSS200	N_Shelf	FALSE
cg05885355	-	2.2E-03	0,70	0,56	Intergenic	Open sea	TRUE
cg05898618	KCNQ1	5.5E-04	0,72	0,84	Body	Island	FALSE
cg05904338	-	1.6E-03	0,69	0,57	Intergenic	Open sea	FALSE
cg05905168	GUCA1B	6.4E-03	0,69	0,52	Body	Open sea	TRUE
cg05941376	WWC1	2.6E-03	0,70	0,81	Body	Open sea	TRUE
cg05998301	-	5.6E-03	0,60	0,75	Intergenic	Open sea	TRUE
cg06003958	HCG22	5.6E-03	0,63	0,76	Body	Open sea	FALSE
cg06018270	SIPA1L3	9.8E-03	0,78	0,66	Body	Island	FALSE
cg06031011	-	1.3E-03	0,57	0,45	Intergenic	S_Shore	FALSE
cg06037963	GAL3ST2	3.6E-03	0,77	0,58	Body	Open sea	TRUE
cg06062102	STRA6	3.1E-04	0,82	0,68	TSS1500	Open sea	TRUE
cg06066587	-	6.0E-03	0,77	0,59	Intergenic	Open sea	FALSE
cg06093355	EPAS1	2.4E-03	0,52	0,41	Body	Open sea	TRUE
cg06100161	RORA	6.0E-03	0,62	0,48	Body	Open sea	TRUE
cg06149671	-	4.2E-04	0,74	0,87	Intergenic	S_Shore	FALSE
cg06214997	-	3.3E-03	0,23	0,39	Intergenic	Open sea	FALSE
cg06272648	AP2A2	6.9E-03	0,45	0,33	Body	Open sea	FALSE
cg06282596	SORBS1	3.4E-04	0,67	0,79	Body	Open sea	FALSE
cg06283493	SOX2OT	2.8E-03	0,12	0,34	Body	S_Shelf	FALSE
cg06318796	ARID5B	1.5E-03	0,63	0,75	Body	Open sea	TRUE
cg06323483	EPHB1	6.0E-03	0,67	0,56	Body	Open sea	TRUE
cg06325209	DDR2	5.5E-04	0,60	0,72	TSS200	Open sea	FALSE
cg06332339	NPTN	7.3E-04	0,76	0,89	Body	Open sea	TRUE
cg06340118	CD109	3.0E-03	0,39	0,58	Body	S_Shore	FALSE
cg06374811	FLJ22536	1.6E-03	0,55	0,72	Body	Open sea	TRUE
cg06436488	-	7.9E-03	0,35	0,46	Intergenic	Open sea	FALSE
cg06442199	BRDT	5.6E-03	0,66	0,55	TSS1500	N_Shore	FALSE
cg06442489	ZSCAN18	5.6E-03	0,54	0,71	TSS1500	S_Shore	FALSE
cg06461071	ARL15	8.5E-03	0,70	0,56	Body	Open sea	TRUE
cg06476438	-	3.4E-04	0,45	0,58	Intergenic	Open sea	TRUE
cg06494775	AP2A2	7.3E-04	0,67	0,53	Body	N_Shore	FALSE
cg06511312	MEGF6	8.7E-04	0,81	0,91	Body	Island	TRUE
cg06516502	-	3.8E-03	0,87	0,75	Intergenic	Island	FALSE
cg06524264	C20orf96	4.2E-04	0,25	0,39	Body	Island	FALSE
cg06538684	LOH12CR2	4.8E-03	0,21	0,33	TSS1500	S_Shore	FALSE
cg06591185	MIR149	9.1E-03	0,51	0,34	TSS200	Island	FALSE
cg06619906	-	1.3E-03	0,67	0,48	Intergenic	N_Shelf	FALSE
cg06630455	TFAP2A	1.5E-03	0,14	0,25	Body	Island	FALSE
cg06637812	-	3.1E-04	0,22	0,09	Intergenic	N_Shelf	TRUE
cg06700226	-	1.1E-03	0,66	0,76	Intergenic	Open sea	TRUE
cg06814469	-	6.6E-04	0,73	0,88	Intergenic	Open sea	TRUE
cg06828613	HSD11B1	9.5E-04	0,67	0,78	5' UTR	Open sea	FALSE
cg06852652	CYP2C18	2.4E-03	0,65	0,47	TSS1500	Open sea	FALSE
cg06856720	RIN2	9.5E-04	0,12	0,49	5' UTR	Open sea	FALSE
cg07046030	-	1.6E-03	0,65	0,78	Intergenic	Open sea	FALSE
cg07054526	BRCA1	4.8E-03	0,86	0,76	5' UTR	Open sea	FALSE
cg07156115	AHR	9.5E-04	0,45	0,59	Body	Open sea	FALSE
cg07159228	-	3.1E-04	0,57	0,68	Intergenic	Open sea	TRUE
cg07160793	-	2.2E-03	0,65	0,54	Intergenic	Open sea	TRUE
cg07167946	IRX4	9.1E-03	0,27	0,15	Body	Island	FALSE
cg07168060	SH3PXD2A	4.1E-03	0,42	0,52	Body	Open sea	TRUE
cg07169637	-	4.1E-05	0,58	0,44	Intergenic	Open sea	TRUE
cg07212543	-	1.3E-03	0,74	0,84	Intergenic	Open sea	FALSE
cg07213145	ZFHX3	1.2E-04	0,85	0,68	Body	Open sea	FALSE
cg07213415	-	2.0E-03	0,86	0,75	Intergenic	Open sea	FALSE
cg07218357	A2LD1	5.5E-04	0,51	0,35	TSS200	S_Shore	FALSE
cg07230792	TJAP1	8.7E-04	0,70	0,81	TSS200	Open sea	FALSE
cg07233343	ARHGEF10L	7.3E-04	0,72	0,57	Body	Open sea	TRUE
cg07233587	FARS2	2.0E-03	0,85	0,73	5' UTR	Open sea	TRUE
cg07238439	TPCN1	2.4E-03	0,71	0,55	Body	Open sea	TRUE
cg07255038	KIAA0226	9.5E-04	0,72	0,47	5' UTR	N_Shelf	FALSE
cg07290865	-	3.2E-05	0,52	0,65	Intergenic	Open sea	TRUE
cg07292773	-	1.1E-03	0,34	0,44	Intergenic	Island	TRUE
cg07312357	ESRRG	3.3E-03	0,64	0,75	TSS1500	S_Shore	FALSE
cg07329532	GMDS	5.2E-03	0,69	0,81	Body	Open sea	FALSE
cg07334313	C16orf46	2.6E-03	0,70	0,59	5' UTR	N_Shelf	FALSE
cg07340025	-	1.7E-03	0,27	0,39	Intergenic	Open sea	TRUE
cg07340499	MAD1L1	3.3E-03	0,74	0,56	Body	Open sea	FALSE
cg07366967	EXD2	9.5E-04	0,75	0,50	TSS1500	Open sea	FALSE
cg07373212	CHCHD6	6.9E-03	0,49	0,60	Body	Open sea	TRUE
cg07386008	SIPA1L2	9.5E-04	0,51	0,62	Body	Open sea	TRUE
cg07415359	LDHC	2.4E-03	0,52	0,39	Body	Open sea	FALSE
cg07433154	-	1.9E-04	0,56	0,71	Intergenic	Open sea	FALSE
cg07484065	AFAP1	9.1E-03	0,61	0,71	5' UTR	Open sea	TRUE
cg07487572	ENPP6	3.8E-03	0,55	0,68	Body	Island	FALSE
cg07519259	-	1.0E-03	0,72	0,84	Intergenic	Open sea	TRUE
cg07534892	-	1.0E-03	0,55	0,37	Intergenic	Open sea	TRUE
cg07565042	RNF141	5.6E-03	0,39	0,25	Body	Open sea	TRUE
cg07569020	B3GALT2	4.8E-03	0,76	0,65	TSS1500	Open sea	FALSE
cg07572233	-	6.9E-03	0,58	0,73	Intergenic	Open sea	TRUE
cg07587771	-	2.6E-03	0,60	0,73	Intergenic	Open sea	TRUE
cg07588253	NGF	7.4E-03	0,80	0,62	5' UTR	Open sea	TRUE
cg07637554	NOTCH4	4.6E-04	0,46	0,61	Body	Open sea	FALSE
cg07650392	PRICKLE2	9.8E-03	0,46	0,59	Body	Open sea	TRUE
cg07658646	PRR4	1.0E-03	0,38	0,55	TSS200	Open sea	FALSE
cg07671055	PLCG2	5.6E-03	0,48	0,59	Body	Open sea	FALSE
cg07722360	BANF2	4.5E-03	0,70	0,58	5' UTR	Open sea	TRUE
cg07725206	-	1.2E-03	0,24	0,37	Intergenic	Open sea	TRUE
cg07728579	FSD2	1.2E-03	0,70	0,58	TSS1500	N_Shelf	FALSE
cg07755015	-	3.8E-04	0,48	0,36	Intergenic	N_Shore	FALSE
cg07763142	HEATR2	6.0E-03	0,77	0,67	Body	S_Shelf	FALSE
cg07793163	DUSP16	3.6E-03	0,56	0,36	5' UTR	Open sea	TRUE
cg07794804	-	6.0E-03	0,57	0,41	Intergenic	Open sea	TRUE
cg07800034	VASN	3.3E-03	0,74	0,64	5' UTR	Open sea	TRUE
cg07984286	IRX3	4.1E-03	0,36	0,54	Body	N_Shore	TRUE
cg08006053	TSNARE1	4.1E-05	0,67	0,81	Body	S_Shelf	FALSE
cg08061755	-	9.8E-03	0,40	0,53	Intergenic	S_Shore	FALSE
cg08067998	DSCR9	1.7E-03	0,56	0,69	TSS200	Open sea	FALSE
cg08165339	-	6.7E-03	0,46	0,61	Intergenic	Open sea	TRUE
cg08165340	-	8.0E-04	0,84	0,66	Intergenic	Open sea	TRUE
cg08174387	-	4.8E-03	0,08	0,29	Intergenic	Open sea	FALSE
cg08180025	RNF216	8.5E-03	0,45	0,60	Body	Open sea	FALSE
cg08200952	RIN2	2.8E-04	0,50	0,69	TSS1500	Open sea	FALSE
cg08238319	AHRR	7.3E-04	0,49	0,90	TSS200	Open sea	FALSE
cg08288886	-	3.0E-03	0,52	0,38	Intergenic	Open sea	TRUE
cg08298946	-	2.5E-05	0,30	0,16	Intergenic	Open sea	TRUE
cg08309106	EXD2	6.1E-04	0,75	0,52	TSS1500	Open sea	FALSE
cg08325813	LFNG	7.0E-06	0,23	0,11	TSS1500	Open sea	FALSE
cg08345211	-	4.6E-04	0,64	0,75	Intergenic	N_Shore	FALSE
cg08354372	WWP2	1.4E-04	0,68	0,82	Body	Open sea	TRUE
cg08355157	LOC154822	6.0E-03	0,23	0,46	Body	Open sea	FALSE
cg08404557	-	6.0E-03	0,85	0,74	Intergenic	Open sea	TRUE
cg08452338	WWTR1	1.2E-03	0,61	0,72	Body	Open sea	TRUE
cg08464402	-	1.6E-03	0,60	0,70	Intergenic	Open sea	TRUE
cg08465774	IDO1	4.3E-03	0,72	0,48	Body	Open sea	FALSE
cg08467643	DVL3	6.0E-03	0,67	0,79	3' UTR	N_Shore	FALSE
cg08479629	-	2.6E-04	0,32	0,45	Intergenic	Open sea	TRUE
cg08485186	PP14571	3.3E-03	0,81	0,71	TSS1500	S_Shore	TRUE
cg08498322	-	6.4E-03	0,73	0,54	Intergenic	Island	FALSE
cg08500112	PDE4D	1.5E-03	0,17	0,40	Body	Open sea	TRUE
cg08546278	SLC22A23	1.7E-03	0,73	0,87	Body	Open sea	FALSE
cg08556090	-	4.1E-05	0,61	0,74	Intergenic	Island	FALSE
cg08565197	HDAC4	7.9E-03	0,43	0,54	Body	N_Shore	TRUE
cg08568550	C11orf16	8.7E-04	0,62	0,48	TSS200	Open sea	TRUE
cg08602218	-	1.6E-03	0,70	0,58	Intergenic	Open sea	TRUE
cg08626382	ASRGL1	2.4E-03	0,67	0,53	Body	S_Shelf	FALSE
cg08750439	-	4.1E-03	0,70	0,83	Intergenic	Island	TRUE
cg08774280	SYNPO2	6.9E-03	0,63	0,51	Body	Open sea	TRUE
cg08781365	-	1.2E-03	0,58	0,81	Intergenic	N_Shore	TRUE
cg08798307	-	3.8E-04	0,33	0,45	Intergenic	Open sea	TRUE
cg08856223	MUM1	4.5E-03	0,75	0,87	Body	Island	FALSE
cg08903181	-	9.8E-03	0,47	0,57	Intergenic	Open sea	TRUE
cg08917664	BCL9	3.4E-04	0,50	0,40	5' UTR	Open sea	TRUE
cg08929399	-	6.4E-03	0,67	0,54	Intergenic	Open sea	TRUE
cg08940075	CNN3	5.2E-03	0,62	0,46	Body	N_Shelf	FALSE
cg08981648	NGEF	6.4E-03	0,58	0,47	Body	Open sea	FALSE
cg09021817	RPA1	9.5E-04	0,61	0,44	Body	Island	FALSE
cg09022230	TNRC18	1.2E-03	0,67	0,56	Body	N_Shore	FALSE
cg09070191	-	7.9E-03	0,52	0,40	Intergenic	Open sea	TRUE
cg09087087	-	4.5E-03	0,62	0,72	Intergenic	Open sea	FALSE
cg09134668	COL23A1	3.0E-03	0,41	0,25	Body	Open sea	TRUE
cg09215588	-	6.3E-03	0,51	0,35	Intergenic	Open sea	TRUE
cg09235983	GLYATL2	3.0E-03	0,53	0,70	TSS1500	Open sea	FALSE
cg09257635	GJC2	7.4E-03	0,54	0,67	Body	Island	FALSE
cg09289251	TRAF7	1.7E-03	0,55	0,67	5' UTR	S_Shore	FALSE
cg09344028	-	2.4E-03	0,55	0,66	Intergenic	N_Shore	FALSE
cg09407650	-	6.9E-03	0,59	0,76	Intergenic	N_Shore	TRUE
cg09419444	WWP2	3.8E-03	0,51	0,62	TSS200	Open sea	TRUE
cg09425279	-	2.1E-04	0,57	0,72	Intergenic	N_Shelf	FALSE
cg09427568	-	9.1E-03	0,46	0,56	Intergenic	Open sea	TRUE
cg09480899	-	9.8E-03	0,73	0,57	Intergenic	S_Shelf	TRUE
cg09499379	FARP1	2.8E-03	0,65	0,51	5' UTR	Open sea	TRUE
cg09499482	FBXL22	1.0E-04	0,62	0,72	TSS200	N_Shelf	FALSE
cg09562285	-	6.0E-03	0,72	0,45	Intergenic	Open sea	TRUE
cg09571972	GMDS	5.8E-03	0,33	0,60	Body	Open sea	TRUE
cg09577575	-	8.7E-04	0,57	0,75	Intergenic	S_Shelf	FALSE
cg09582256	-	2.2E-03	0,59	0,70	Intergenic	N_Shelf	FALSE
cg09626521	-	4.1E-03	0,35	0,60	Intergenic	Open sea	TRUE
cg09657673	TNRC6A	7.9E-03	0,48	0,58	Body	Open sea	TRUE
cg09688127	NUDT4	9.8E-03	0,66	0,77	TSS1500	N_Shore	FALSE
cg09693588	-	4.6E-04	0,65	0,78	Intergenic	Open sea	FALSE
cg09695996	C1QTNF8	7.9E-03	0,31	0,21	3' UTR	N_Shore	FALSE
cg09713475	HS3ST6	2.8E-04	0,70	0,80	Body	Island	FALSE
cg09717516	-	5.6E-03	0,46	0,59	Intergenic	N_Shore	FALSE
cg09761705	ITGB1BP1	6.4E-03	0,71	0,58	Body	Open sea	TRUE
cg09763790	HEPACAM	9.5E-04	0,64	0,77	5' UTR	Open sea	FALSE
cg09785394	-	1.5E-04	0,50	0,62	Intergenic	Open sea	TRUE
cg09814128	NEIL3	1.3E-03	0,75	0,65	Body	Open sea	TRUE
cg09871285	-	7.9E-03	0,09	0,21	Intergenic	Open sea	TRUE
cg09920804	PLAT	2.4E-03	0,30	0,42	5' UTR	Open sea	TRUE
cg09927311	-	6.1E-04	0,75	0,64	Intergenic	Open sea	TRUE
cg09935792	NTN1	6.1E-04	0,77	0,66	Body	N_Shelf	FALSE
cg09937190	MACROD2	9.1E-03	0,38	0,57	5' UTR	Open sea	FALSE
cg10040541	CSGALNACT1	2.8E-04	0,73	0,84	5' UTR	Open sea	TRUE
cg10052504	-	3.0E-03	0,68	0,57	Intergenic	Open sea	TRUE
cg10054332	PVT1	5.6E-03	0,59	0,70	Body	Open sea	TRUE
cg10068074	-	8.0E-04	0,72	0,60	Intergenic	Open sea	TRUE
cg10068982	SIK2	9.8E-03	0,73	0,56	Body	Open sea	TRUE
cg10104336	-	4.6E-04	0,39	0,52	Intergenic	Open sea	TRUE
cg10114877	-	5.6E-03	0,27	0,15	Intergenic	Open sea	TRUE
cg10177059	PLEKHG5	8.7E-04	0,25	0,12	5' UTR	Open sea	FALSE
cg10184441	ATP6V1C1	2.2E-03	0,63	0,50	Body	Open sea	FALSE
cg10187601	ST7	5.0E-04	0,65	0,85	Body	Open sea	TRUE
cg10230257	ATF6	4.6E-05	0,60	0,79	3' UTR	Open sea	FALSE
cg10231179	DENND3	2.4E-03	0,66	0,76	Body	Open sea	FALSE
cg10259111	GNG2	2.2E-03	0,28	0,41	Body	Open sea	TRUE
cg10309230	-	6.1E-04	0,43	0,54	Intergenic	Open sea	TRUE
cg10317175	-	8.5E-03	0,14	0,25	Intergenic	Open sea	TRUE
cg10321119	C14orf179	9.8E-03	0,63	0,46	TSS1500	N_Shore	FALSE
cg10334928	STON2	2.8E-03	0,50	0,30	TSS200	Open sea	FALSE
cg10363926	SH3RF3	2.3E-04	0,32	0,20	Body	Open sea	FALSE
cg10374564	FRYL	7.4E-03	0,74	0,84	5' UTR	Open sea	TRUE
cg10407585	VWA2	2.1E-04	0,46	0,33	5' UTR	S_Shore	FALSE
cg10438560	-	5.6E-03	0,60	0,44	Intergenic	Open sea	TRUE
cg10442101	-	1.7E-03	0,43	0,56	Intergenic	Open sea	TRUE
cg10469520	-	6.1E-04	0,79	0,90	Intergenic	Open sea	TRUE
cg10471574	SOX9	2.6E-03	0,37	0,59	Body	Island	FALSE
cg10502206	ZEB2	1.0E-03	0,62	0,73	Body	Open sea	TRUE
cg10535132	PKD2L2	3.4E-04	0,35	0,53	TSS1500	N_Shore	FALSE
cg10550074	C6orf222	4.1E-03	0,48	0,36	TSS200	Open sea	FALSE
cg10551856	NOL10	5.6E-03	0,81	0,69	Body	Open sea	TRUE
cg10553204	GDF7	1.7E-04	0,59	0,74	3' UTR	Island	FALSE
cg10575842	CYP2B7P1	4.5E-03	0,47	0,32	TSS200	Open sea	FALSE
cg10594543	ADAMTS12	1.7E-03	0,57	0,71	Body	Open sea	TRUE
cg10600644	EPAS1	1.9E-03	0,87	0,64	Body	S_Shelf	FALSE
cg10605735	-	2.8E-03	0,73	0,62	Intergenic	Open sea	TRUE
cg10608166	-	3.1E-04	0,78	0,67	Intergenic	N_Shelf	TRUE
cg10616216	-	8.5E-03	0,59	0,72	Intergenic	Island	TRUE
cg10626305	FLJ22536	1.9E-03	0,35	0,24	Body	Open sea	TRUE
cg10703692	-	1.2E-04	0,57	0,70	Intergenic	Open sea	TRUE
cg10717189	-	7.9E-03	0,52	0,64	Intergenic	N_Shore	TRUE
cg10718894	-	2.6E-03	0,69	0,80	Intergenic	Open sea	FALSE
cg10723431	-	6.4E-03	0,24	0,39	Intergenic	Open sea	TRUE
cg10741308	SORBS1	1.6E-03	0,69	0,80	Body	Open sea	FALSE
cg10758676	ZDHHC14	3.8E-03	0,62	0,79	Body	N_Shelf	FALSE
cg10793646	-	8.0E-04	0,37	0,51	Intergenic	N_Shore	TRUE
cg10797552	-	7.3E-04	0,34	0,51	Intergenic	Open sea	TRUE
cg10798164	-	2.8E-03	0,65	0,77	Intergenic	Island	FALSE
cg10800620	-	1.4E-04	0,58	0,70	Intergenic	Open sea	TRUE
cg10855427	-	2.8E-03	0,85	0,52	Intergenic	Open sea	TRUE
cg10861541	MAP2	1.6E-03	0,53	0,40	TSS1500	Open sea	TRUE
cg10864794	ARSB	1.5E-03	0,79	0,91	Body	Open sea	TRUE
cg10899301	TFAP2A	4.5E-03	0,34	0,58	TSS1500	N_Shore	TRUE
cg10933774	STARD10	1.2E-03	0,60	0,73	TSS1500	S_Shore	FALSE
cg10965996	-	9.8E-03	0,51	0,62	Intergenic	Open sea	TRUE
cg11097675	-	1.1E-03	0,27	0,15	Intergenic	Open sea	FALSE
cg11118440	-	3.6E-03	0,34	0,59	Intergenic	Open sea	TRUE
cg11154879	C20orf151	4.8E-03	0,65	0,54	5' UTR	Open sea	FALSE
cg11160572	PALLD	6.6E-04	0,67	0,85	Body	Open sea	TRUE
cg11173579	HUNK	8.5E-03	0,69	0,83	Body	S_Shore	TRUE
cg11192169	-	9.2E-03	0,67	0,78	Intergenic	Open sea	TRUE
cg11198596	LRIG1	4.8E-03	0,50	0,32	Body	N_Shelf	FALSE
cg11205006	HPS4	5.6E-03	0,11	0,27	5' UTR	N_Shelf	FALSE
cg11210880	C6orf105	1.5E-05	0,75	0,56	TSS1500	Open sea	FALSE
cg11235391	-	2.8E-03	0,23	0,10	Intergenic	Open sea	TRUE
cg11239120	-	4.5E-03	0,63	0,50	Intergenic	Open sea	FALSE
cg11247695	MUC2	6.6E-04	0,57	0,41	TSS200	Open sea	FALSE
cg11321921	NFATC1	5.5E-04	0,78	0,91	Body	Island	FALSE
cg11355849	-	2.4E-03	0,43	0,60	Intergenic	Open sea	TRUE
cg11399508	DSCR9	1.9E-03	0,08	0,24	TSS1500	Open sea	TRUE
cg11469908	-	3.8E-04	0,53	0,42	Intergenic	Open sea	TRUE
cg11518454	-	2.0E-03	0,38	0,24	Intergenic	Open sea	TRUE
cg11564623	CSRP2BP	4.2E-04	0,56	0,74	Body	Open sea	FALSE
cg11587950	BPHL	1.4E-04	0,81	0,63	Body	N_Shelf	FALSE
cg11588197	ETS1	2.0E-03	0,30	0,19	Body	N_Shore	FALSE
cg11612799	-	3.3E-03	0,34	0,54	Intergenic	Open sea	TRUE
cg11654662	SHMT1	6.9E-03	0,82	0,60	5' UTR	N_Shelf	FALSE
cg11663460	-	2.6E-04	0,44	0,55	Intergenic	Open sea	TRUE
cg11674448	-	9.8E-03	0,57	0,69	Intergenic	S_Shelf	FALSE
cg11702988	ATP11A	9.1E-03	0,61	0,82	Body	S_Shore	FALSE
cg11707031	PEBP4	9.5E-04	0,45	0,60	Body	Open sea	TRUE
cg11715858	-	6.1E-04	0,42	0,60	Intergenic	N_Shore	FALSE
cg11738921	ELFN1	4.2E-04	0,41	0,54	5' UTR	N_Shore	FALSE
cg11744631	-	6.0E-03	0,50	0,35	Intergenic	Open sea	TRUE
cg11755251	MIR557	3.0E-03	0,40	0,51	TSS1500	Open sea	FALSE
cg11758283	-	2.6E-04	0,68	0,82	Intergenic	Open sea	TRUE
cg11784243	LRRC16A	1.5E-03	0,52	0,70	Body	Open sea	TRUE
cg11809085	TNFSF15	8.7E-04	0,57	0,44	Body	Open sea	TRUE
cg11827976	-	5.2E-03	0,42	0,57	Intergenic	Open sea	TRUE
cg11843735	CDH3	1.0E-04	0,79	0,68	TSS200	N_Shore	FALSE
cg11845292	-	1.5E-03	0,52	0,25	Intergenic	Open sea	TRUE
cg11848015	BAHCC1	7.3E-04	0,71	0,58	3' UTR	S_Shelf	FALSE
cg11860075	SLIT3	5.2E-03	0,77	0,65	Body	Open sea	FALSE
cg11861970	-	5.0E-04	0,85	0,75	Intergenic	Open sea	FALSE
cg11920765	-	9.1E-03	0,74	0,63	Intergenic	Open sea	TRUE
cg11920943	-	5.5E-04	0,57	0,42	Intergenic	Open sea	TRUE
cg11932158	PLCH1	4.5E-03	0,20	0,36	TSS200	Open sea	TRUE
cg11932644	-	2.0E-03	0,77	0,61	Intergenic	Open sea	TRUE
cg11935459	GALK2	4.5E-03	0,57	0,73	Body	Open sea	TRUE
cg11940526	-	3.0E-03	0,60	0,76	Intergenic	Open sea	TRUE
cg11958234	-	2.6E-04	0,55	0,71	Intergenic	Open sea	TRUE
cg11970252	KIAA0564	6.6E-04	0,55	0,78	Body	Open sea	TRUE
cg11989257	CCDC46	9.1E-03	0,86	0,70	3' UTR	Open sea	FALSE
cg12003463	ANK1	1.6E-03	0,51	0,37	TSS1500	Open sea	FALSE
cg12025137	-	8.0E-04	0,63	0,75	Intergenic	Open sea	TRUE
cg12036365	MESP1	7.4E-03	0,84	0,71	TSS1500	S_Shore	FALSE
cg12056887	GUCY1B2	5.0E-04	0,79	0,67	Body	Open sea	TRUE
cg12081267	TMEM131	5.1E-05	0,43	0,63	Body	Open sea	TRUE
cg12107072	PPIL1	2.6E-03	0,68	0,78	Body	Open sea	TRUE
cg12144446	-	1.7E-03	0,48	0,37	Intergenic	Open sea	TRUE
cg12172478	RFTN1	4.1E-03	0,66	0,79	3' UTR	Open sea	FALSE
cg12179011	C20orf56	8.5E-03	0,37	0,23	TSS1500	S_Shore	FALSE
cg12206359	MIR548F5	8.5E-03	0,50	0,61	Body	Open sea	TRUE
cg12220788	-	6.9E-03	0,28	0,39	Intergenic	Open sea	TRUE
cg12279019	VEGFA	6.0E-03	0,63	0,44	Body	S_Shore	FALSE
cg12290217	-	7.9E-03	0,52	0,70	Intergenic	S_Shelf	FALSE
cg12293095	ACAD11	7.4E-03	0,74	0,63	Body	Open sea	TRUE
cg12294633	-	1.5E-03	0,62	0,42	Intergenic	Open sea	FALSE
cg12313969	MYOF	3.3E-03	0,47	0,59	Body	Open sea	TRUE
cg12345949	-	6.4E-03	0,73	0,55	Intergenic	Open sea	TRUE
cg12414301	PKD2L2	1.5E-04	0,36	0,54	TSS1500	N_Shore	FALSE
cg12439423	ANK1	2.8E-03	0,62	0,52	5' UTR	Open sea	FALSE
cg12442902	SORCS2	1.5E-04	0,44	0,30	Body	Open sea	FALSE
cg12501287	INPP5A	9.1E-03	0,56	0,96	Body	Island	FALSE
cg12501818	-	1.9E-03	0,62	0,51	Intergenic	N_Shelf	FALSE
cg12511749	-	1.0E-03	0,78	0,66	Intergenic	Open sea	TRUE
cg12513505	-	6.0E-03	0,09	0,27	Intergenic	N_Shore	FALSE
cg12539124	FLJ22536	6.1E-04	0,20	0,09	Body	Open sea	TRUE
cg12561497	PP14571	2.2E-05	0,33	0,16	Body	Island	FALSE
cg12592179	RYK	4.5E-03	0,45	0,61	Body	Open sea	TRUE
cg12611439	BTBD9	8.0E-04	0,79	0,62	Body	Open sea	TRUE
cg12630038	CRTC3	1.2E-03	0,67	0,78	3' UTR	Open sea	FALSE
cg12636882	HTT	6.1E-04	0,76	0,64	Body	Open sea	TRUE
cg12766383	UBR4	4.2E-04	0,72	0,83	Body	Open sea	FALSE
cg12830271	-	6.9E-03	0,65	0,77	Intergenic	Island	FALSE
cg12850396	ABHD2	6.0E-03	0,64	0,53	5' UTR	Open sea	TRUE
cg12906748	C11orf16	9.5E-04	0,63	0,52	TSS200	Open sea	TRUE
cg12912758	-	2.6E-03	0,50	0,63	Intergenic	Open sea	FALSE
cg12938556	RASA3	1.3E-03	0,77	0,66	Body	N_Shore	FALSE
cg12984948	-	2.5E-05	0,60	0,71	Intergenic	Open sea	TRUE
cg12989041	TMEM181	6.6E-04	0,75	0,59	Body	Open sea	TRUE
cg13021857	-	2.2E-03	0,59	0,70	Intergenic	Open sea	TRUE
cg13030332	TBX3	5.6E-03	0,72	0,60	Body	N_Shelf	TRUE
cg13042642	RNF216	1.2E-03	0,62	0,82	Body	Open sea	FALSE
cg13058710	SOX9	8.0E-04	0,19	0,40	Body	Island	FALSE
cg13069920	-	3.8E-03	0,51	0,31	Intergenic	Open sea	TRUE
cg13079247	-	5.6E-03	0,65	0,50	Intergenic	N_Shelf	FALSE
cg13096278	-	3.6E-03	0,81	0,68	Intergenic	Open sea	TRUE
cg13132121	-	8.5E-03	0,45	0,60	Intergenic	Open sea	TRUE
cg13155421	-	1.5E-04	0,64	0,75	Intergenic	Open sea	TRUE
cg13156207	-	2.6E-04	0,38	0,53	Intergenic	Open sea	TRUE
cg13162609	SLCO4A1	5.0E-04	0,72	0,86	Body	Island	FALSE
cg13170076	-	7.9E-03	0,50	0,38	Intergenic	Open sea	TRUE
cg13228421	MUC2	4.2E-04	0,90	0,79	5' UTR	Open sea	FALSE
cg13231921	-	6.9E-03	0,10	0,29	Intergenic	S_Shore	FALSE
cg13313047	CABLES1	5.7E-05	0,60	0,72	TSS200	Open sea	TRUE
cg13327384	-	9.8E-03	0,54	0,37	Intergenic	Open sea	FALSE
cg13346872	-	7.9E-03	0,62	0,40	Intergenic	Open sea	TRUE
cg13373589	TFAP2A	4.5E-03	0,18	0,39	TSS1500	N_Shore	TRUE
cg13392320	C7orf10	2.3E-03	0,85	0,73	Body	Open sea	TRUE
cg13406860	GPR107	1.4E-04	0,82	0,92	Body	Open sea	TRUE
cg13421041	-	7.4E-03	0,53	0,41	Intergenic	Open sea	FALSE
cg13433729	EZR	1.2E-06	0,61	0,49	Body	Open sea	TRUE
cg13453589	UBE2R2	7.9E-03	0,55	0,44	Body	Open sea	TRUE
cg13461821	PTDSS1	2.8E-03	0,55	0,69	Body	Open sea	TRUE
cg13470462	BOC	9.8E-03	0,33	0,44	5' UTR	Open sea	TRUE
cg13482375	-	8.7E-04	0,67	0,56	Intergenic	Open sea	TRUE
cg13531977	EPB41L4B	4.5E-03	0,71	0,58	Body	Open sea	TRUE
cg13534536	AFAP1	2.0E-03	0,61	0,46	5' UTR	N_Shelf	FALSE
cg13541353	ACO1	6.6E-04	0,38	0,56	Body	Open sea	TRUE
cg13555050	-	6.6E-04	0,34	0,45	Intergenic	Open sea	TRUE
cg13560914	-	6.4E-03	0,57	0,43	Intergenic	Open sea	FALSE
cg13578652	UBASH3A	2.2E-03	0,35	0,19	TSS200	Open sea	FALSE
cg13587564	WDR5	3.3E-03	0,67	0,80	TSS1500	S_Shore	FALSE
cg13621272	-	3.0E-03	0,70	0,59	Intergenic	Open sea	TRUE
cg13655169	-	6.4E-03	0,30	0,46	Intergenic	Open sea	TRUE
cg13665981	SPOCK2	2.0E-03	0,61	0,47	TSS1500	S_Shore	TRUE
cg13676902	ZMIZ1	2.8E-03	0,82	0,71	3' UTR	Open sea	FALSE
cg13688312	NOS1AP	2.8E-04	0,45	0,59	3' UTR	S_Shelf	FALSE
cg13693582	ACTN1	1.6E-03	0,47	0,58	Body	N_Shelf	FALSE
cg13718278	SGOL2	1.5E-03	0,51	0,37	Body	Open sea	TRUE
cg13753435	CTNNA2	8.5E-03	0,47	0,65	Body	N_Shelf	TRUE
cg13760253	DNAJC5B	6.9E-03	0,69	0,56	TSS1500	Open sea	FALSE
cg13793810	ATL3	9.5E-04	0,58	0,69	Body	N_Shelf	FALSE
cg13817518	-	9.0E-05	0,64	0,75	Intergenic	Open sea	TRUE
cg13856643	RAB17	2.6E-03	0,12	0,31	TSS1500	Open sea	FALSE
cg13883671	-	5.0E-04	0,78	0,68	Intergenic	N_Shore	FALSE
cg13893720	-	9.5E-04	0,72	0,84	Intergenic	Open sea	TRUE
cg13901768	-	3.1E-04	0,78	0,64	Intergenic	Open sea	TRUE
cg13908359	-	8.5E-03	0,25	0,41	Intergenic	Open sea	TRUE
cg13909661	SSPN	1.2E-03	0,74	0,89	3' UTR	Open sea	FALSE
cg13911594	MUC2	3.8E-03	0,41	0,26	TSS200	Open sea	FALSE
cg13937817	APBA1	3.6E-03	0,54	0,65	5' UTR	S_Shelf	FALSE
cg13941760	ANKRD44	1.7E-03	0,14	0,41	TSS1500	Open sea	FALSE
cg13942826	PRR4	1.1E-04	0,59	0,70	TSS1500	Open sea	FALSE
cg13973086	-	8.5E-03	0,64	0,54	Intergenic	S_Shore	FALSE
cg13979708	-	6.0E-03	0,58	0,70	Intergenic	Island	FALSE
cg14014593	-	1.2E-04	0,42	0,56	Intergenic	Open sea	TRUE
cg14018215	C9orf167	9.8E-03	0,54	0,66	Body	Island	FALSE
cg14048837	MIR548Q	6.4E-03	0,65	0,53	5' UTR	Open sea	TRUE
cg14110920	ZNF740	2.4E-03	0,52	0,63	3' UTR	Open sea	TRUE
cg14120534	-	6.9E-03	0,61	0,48	Intergenic	Open sea	TRUE
cg14171527	CBS	7.9E-03	0,26	0,50	3' UTR	Island	FALSE
cg14176942	PTGS1	4.5E-03	0,63	0,74	Body	Open sea	TRUE
cg14178428	-	2.4E-03	0,53	0,65	Intergenic	Open sea	TRUE
cg14178895	C6orf105	5.0E-04	0,40	0,21	1st Exon	Open sea	TRUE
cg14181425	-	1.9E-03	0,46	0,33	Intergenic	Open sea	TRUE
cg14192935	FLJ35024	6.1E-04	0,52	0,63	Body	Open sea	TRUE
cg14205864	PCID2	1.5E-03	0,50	0,61	Body	Open sea	TRUE
cg14211735	PSMA4	2.6E-03	0,60	0,43	Body	Open sea	FALSE
cg14241836	-	1.5E-03	0,50	0,60	Intergenic	N_Shelf	FALSE
cg14273093	FAM101A	4.1E-03	0,71	0,88	5' UTR	S_Shore	FALSE
cg14282634	NAV1	2.8E-03	0,69	0,80	Body	Open sea	TRUE
cg14299883	-	1.0E-03	0,32	0,48	Intergenic	Open sea	TRUE
cg14301048	APOL6	2.6E-03	0,59	0,70	TSS1500	Open sea	FALSE
cg14309002	-	4.1E-03	0,44	0,58	Intergenic	Open sea	FALSE
cg14328408	-	2.8E-04	0,56	0,39	Intergenic	Open sea	TRUE
cg14328477	-	3.8E-03	0,40	0,27	Intergenic	Open sea	TRUE
cg14354168	-	2.0E-03	0,65	0,75	Intergenic	Island	TRUE
cg14362178	-	3.8E-03	0,40	0,56	Intergenic	Open sea	FALSE
cg14375747	FBXL14	5.5E-04	0,67	0,77	Body	Open sea	FALSE
cg14378348	-	3.6E-03	0,62	0,76	Intergenic	Island	FALSE
cg14431361	-	9.1E-03	0,52	0,66	Intergenic	Open sea	TRUE
cg14451382	-	3.8E-03	0,30	0,15	Intergenic	Island	TRUE
cg14498722	-	5.0E-04	0,56	0,68	Intergenic	Open sea	TRUE
cg14571539	-	9.1E-03	0,38	0,26	Intergenic	Open sea	TRUE
cg14578677	TLR6	1.7E-03	0,18	0,39	TSS1500	Open sea	TRUE
cg14578895	-	2.8E-04	0,54	0,65	Intergenic	Open sea	TRUE
cg14592798	-	2.8E-03	0,72	0,83	Intergenic	Open sea	TRUE
cg14599823	-	1.5E-04	0,45	0,59	Intergenic	Open sea	TRUE
cg14603085	-	6.6E-04	0,54	0,39	Intergenic	Open sea	TRUE
cg14627175	DACT2	9.5E-04	0,61	0,79	TSS1500	S_Shore	FALSE
cg14652203	RABGAP1L	3.0E-03	0,74	0,62	Body	Open sea	TRUE
cg14665523	PAPSS2	5.2E-03	0,76	0,65	Body	S_Shore	FALSE
cg14716686	C21orf7	7.9E-03	0,27	0,46	TSS200	Open sea	FALSE
cg14728503	HYLS1	6.0E-03	0,79	0,67	TSS1500	N_Shore	FALSE
cg14737484	TNXB	6.6E-04	0,26	0,37	Body	N_Shore	TRUE
cg14757661	-	7.9E-03	0,67	0,78	Intergenic	Open sea	FALSE
cg14763096	PLCE1	3.4E-04	0,58	0,69	Body	Open sea	TRUE
cg14777908	-	1.0E-04	0,74	0,64	Intergenic	Open sea	TRUE
cg14780990	FAM174B	1.6E-03	0,73	0,62	Body	Open sea	TRUE
cg14799488	-	2.6E-04	0,67	0,54	Intergenic	S_Shore	FALSE
cg14802688	-	5.6E-03	0,65	0,54	Intergenic	Open sea	TRUE
cg14809932	UBD	5.1E-03	0,79	0,67	Body	S_Shelf	FALSE
cg14818621	-	5.7E-05	0,34	0,47	Intergenic	Open sea	TRUE
cg14826909	ADARB2	7.3E-04	0,65	0,75	Body	Island	FALSE
cg14827285	-	3.6E-03	0,68	0,57	Intergenic	N_Shelf	FALSE
cg14873022	ZNF827	4.5E-03	0,67	0,80	Body	Open sea	FALSE
cg14918743	ZBTB42	2.1E-04	0,59	0,49	3' UTR	S_Shore	FALSE
cg14986890	RARRES1	1.5E-03	0,34	0,46	Body	Open sea	TRUE
cg15000813	PDGFRL	2.4E-03	0,39	0,52	Body	Open sea	TRUE
cg15001843	-	7.3E-04	0,70	0,80	Intergenic	Open sea	TRUE
cg15036160	-	2.6E-04	0,77	0,89	Intergenic	N_Shore	FALSE
cg15042332	FABP7	7.9E-03	0,17	0,28	5' UTR	Open sea	TRUE
cg15068180	-	4.2E-04	0,79	0,68	Intergenic	S_Shelf	TRUE
cg15078211	GLI3	7.9E-03	0,49	0,38	5' UTR	N_Shelf	FALSE
cg15087178	ANK3	3.6E-03	0,89	0,77	Body	Open sea	TRUE
cg15242225	RUNX1	6.9E-03	0,11	0,32	TSS1500	Open sea	TRUE
cg15253604	CADPS	2.3E-04	0,58	0,69	Body	Open sea	FALSE
cg15281710	-	4.1E-03	0,32	0,14	Intergenic	S_Shore	FALSE
cg15284177	PTN	2.0E-03	0,31	0,20	TSS1500	Open sea	FALSE
cg15292765	PARD3	1.5E-04	0,61	0,45	Body	Open sea	TRUE
cg15312261	-	4.1E-03	0,74	0,60	Intergenic	Open sea	FALSE
cg15320474	UBD	8.7E-04	0,72	0,58	TSS1500	Open sea	FALSE
cg15328328	CLASP1	7.4E-03	0,68	0,56	Body	Open sea	TRUE
cg15340431	AKAP13	9.1E-03	0,72	0,59	Body	Open sea	TRUE
cg15343463	GALNT3	9.1E-03	0,48	0,36	5' UTR	Open sea	TRUE
cg15351741	-	1.0E-03	0,69	0,80	Intergenic	Open sea	TRUE
cg15364504	ACTN1	5.5E-04	0,65	0,76	Body	Open sea	TRUE
cg15406319	DNAJC7	7.9E-03	0,23	0,04	TSS1500	Island	FALSE
cg15438548	-	7.4E-03	0,38	0,26	Intergenic	Open sea	TRUE
cg15445281	-	2.6E-03	0,29	0,47	Intergenic	Open sea	TRUE
cg15448721	RNF39	1.4E-04	0,42	0,32	TSS1500	S_Shore	FALSE
cg15476894	-	7.9E-03	0,19	0,36	Intergenic	Island	FALSE
cg15579567	PISRT1	1.7E-03	0,66	0,44	TSS200	Open sea	FALSE
cg15596932	SOST	1.2E-03	0,62	0,72	TSS1500	S_Shelf	FALSE
cg15600915	FAM178B	1.3E-03	0,58	0,42	Body	Open sea	TRUE
cg15618908	-	8.0E-04	0,29	0,42	Intergenic	Open sea	TRUE
cg15648041	CYR61	4.1E-03	0,46	0,35	3' UTR	S_Shore	FALSE
cg15650058	-	5.2E-03	0,49	0,39	Intergenic	Open sea	TRUE
cg15679892	-	5.6E-03	0,52	0,67	Intergenic	S_Shore	FALSE
cg15702295	-	7.4E-03	0,56	0,37	Intergenic	N_Shelf	FALSE
cg15735620	ZFHX4	4.1E-05	0,51	0,34	5' UTR	Open sea	TRUE
cg15775779	EDAR	3.3E-03	0,75	0,62	5' UTR	Island	FALSE
cg15844374	TMPRSS5	6.6E-04	0,59	0,74	TSS200	Open sea	FALSE
cg15871086	-	5.1E-05	0,50	0,62	Intergenic	N_Shelf	TRUE
cg15894581	FBXL22	2.8E-05	0,68	0,84	TSS200	N_Shelf	FALSE
cg15913157	PARD3B	3.8E-03	0,51	0,62	Body	Open sea	TRUE
cg15914253	-	9.5E-04	0,50	0,66	Intergenic	N_Shelf	FALSE
cg15956565	-	1.2E-03	0,32	0,47	Intergenic	Open sea	TRUE
cg15963551	-	4.5E-03	0,78	0,91	Intergenic	Open sea	FALSE
cg15978778	C7orf65	4.5E-03	0,52	0,68	TSS1500	Open sea	TRUE
cg16020346	C1orf187	3.8E-03	0,53	0,39	5' UTR	Open sea	FALSE
cg16027289	-	1.7E-03	0,74	0,61	Intergenic	Open sea	TRUE
cg16039142	-	2.4E-03	0,60	0,73	Intergenic	Open sea	TRUE
cg16041798	MTHFD1	6.4E-03	0,60	0,71	Body	Open sea	TRUE
cg16054280	DIRC2	1.7E-03	0,69	0,55	Body	S_Shelf	FALSE
cg16056044	THRAP3	9.1E-03	0,55	0,44	5' UTR	Open sea	TRUE
cg16107528	NTN1	9.5E-04	0,86	0,70	Body	S_Shore	FALSE
cg16109731	DUSP10	5.5E-04	0,80	0,65	5' UTR	Open sea	TRUE
cg16172549	PCP4L1	2.0E-03	0,31	0,21	Body	S_Shore	TRUE
cg16225800	-	4.5E-03	0,48	0,38	Intergenic	Open sea	TRUE
cg16226642	OR5P3	5.7E-05	0,66	0,56	TSS1500	Open sea	FALSE
cg16232234	-	2.6E-03	0,51	0,67	Intergenic	Open sea	TRUE
cg16240816	-	1.0E-04	0,51	0,63	Intergenic	Open sea	FALSE
cg16277169	TBX3	9.8E-03	0,52	0,39	Body	Island	FALSE
cg16302049	GPR155	8.5E-03	0,52	0,36	5' UTR	N_Shelf	FALSE
cg16314851	LOC723809	5.5E-04	0,60	0,43	TSS1500	Open sea	FALSE
cg16316543	SSBP3	6.6E-04	0,86	0,75	Body	Open sea	TRUE
cg16323293	PACRG	2.6E-03	0,65	0,77	Body	Open sea	FALSE
cg16324725	-	1.6E-03	0,59	0,45	Intergenic	S_Shelf	FALSE
cg16335858	GYLTL1B	7.3E-04	0,52	0,41	TSS1500	N_Shore	FALSE
cg16378261	-	1.2E-03	0,56	0,37	Intergenic	Open sea	TRUE
cg16411361	ANKRD44	9.1E-03	0,25	0,56	TSS1500	Open sea	FALSE
cg16416584	CHSY1	4.8E-03	0,71	0,83	Body	Open sea	FALSE
cg16431352	-	3.7E-05	0,33	0,47	Intergenic	Open sea	TRUE
cg16445550	-	8.0E-04	0,75	0,64	Intergenic	Open sea	TRUE
cg16454426	C8orf22	4.5E-03	0,41	0,55	TSS1500	Open sea	FALSE
cg16516248	WWP2	2.6E-04	0,76	0,87	TSS1500	Open sea	TRUE
cg16522993	-	6.1E-04	0,46	0,59	Intergenic	S_Shelf	FALSE
cg16540590	-	2.6E-04	0,44	0,57	Intergenic	Open sea	TRUE
cg16591182	ZFHX4	5.0E-04	0,51	0,40	5' UTR	Open sea	TRUE
cg16594806	-	1.2E-05	0,50	0,63	Intergenic	Open sea	TRUE
cg16596859	-	3.3E-03	0,24	0,13	Intergenic	Open sea	TRUE
cg16608443	-	1.1E-03	0,18	0,28	Intergenic	N_Shore	FALSE
cg16634544	-	6.9E-03	0,61	0,71	Intergenic	Open sea	TRUE
cg16639311	-	1.7E-03	0,43	0,58	Intergenic	Open sea	FALSE
cg16675872	-	2.2E-03	0,75	0,87	Intergenic	Open sea	FALSE
cg16687034	VPS13D	2.0E-03	0,81	0,67	Body	Open sea	TRUE
cg16689193	FARP1	9.8E-03	0,77	0,65	Body	Open sea	FALSE
cg16699540	-	4.8E-03	0,35	0,45	Intergenic	Open sea	TRUE
cg16751493	PPP1R7	1.9E-03	0,63	0,77	Body	Open sea	TRUE
cg16758598	GSTCD	8.7E-04	0,65	0,77	Body	Open sea	TRUE
cg16764564	C15orf50	1.1E-03	0,65	0,76	Body	Open sea	FALSE
cg16766382	-	4.8E-03	0,57	0,46	Intergenic	N_Shelf	FALSE
cg16783349	-	1.9E-03	0,78	0,64	Intergenic	Open sea	FALSE
cg16822095	GSDMB	9.3E-03	0,53	0,41	TSS1500	Open sea	FALSE
cg16896890	-	5.6E-03	0,87	0,75	Intergenic	N_Shore	FALSE
cg16922937	UNC84A	2.2E-03	0,75	0,87	Body	S_Shore	TRUE
cg16984639	UBE2H	1.3E-03	0,75	0,64	TSS1500	S_Shore	FALSE
cg17069533	PRKCA	1.6E-03	0,46	0,61	Body	Open sea	TRUE
cg17075459	ADD2	3.8E-03	0,55	0,66	Body	N_Shelf	FALSE
cg17085576	-	3.8E-04	0,48	0,64	Intergenic	Open sea	FALSE
cg17137426	FMN1	3.6E-03	0,70	0,81	Body	Open sea	TRUE
cg17141972	-	1.6E-03	0,72	0,53	Intergenic	Open sea	TRUE
cg17229173	-	6.0E-03	0,79	0,65	Intergenic	Open sea	FALSE
cg17258195	ISLR	1.6E-03	0,67	0,49	TSS1500	N_Shore	TRUE
cg17289692	-	5.2E-03	0,73	0,62	Intergenic	Open sea	TRUE
cg17292337	-	8.5E-03	0,24	0,12	Intergenic	Open sea	FALSE
cg17295878	TBC1D16	6.6E-04	0,64	0,76	Body	S_Shore	FALSE
cg17308012	PLAC9	1.6E-03	0,68	0,81	Body	Open sea	TRUE
cg17395283	-	9.0E-05	0,78	0,88	Intergenic	Open sea	TRUE
cg17402889	CACNA1C	7.4E-03	0,74	0,64	Body	Open sea	TRUE
cg17425818	NRP1	6.6E-04	0,43	0,30	Body	Open sea	TRUE
cg17445097	PHF12	3.8E-03	0,54	0,39	Body	Open sea	TRUE
cg17470143	DCLK1	2.6E-04	0,35	0,21	TSS1500	S_Shore	FALSE
cg17503200	SLCO3A1	6.0E-03	0,60	0,50	Body	S_Shore	FALSE
cg17575314	HK1	4.1E-03	0,64	0,77	Body	Open sea	TRUE
cg17588094	-	2.8E-04	0,44	0,62	Intergenic	S_Shelf	FALSE
cg17649671	MINPP1	9.5E-04	0,71	0,55	Body	Open sea	TRUE
cg17656763	-	7.3E-04	0,66	0,77	Intergenic	Open sea	TRUE
cg17660833	HRH1	7.4E-03	0,18	0,28	TSS1500	Open sea	TRUE
cg17774559	IRX4	5.6E-03	0,61	0,44	Body	Island	FALSE
cg17782954	ECHDC3	9.8E-03	0,47	0,58	TSS1500	N_Shore	FALSE
cg17783815	NTN1	2.4E-03	0,53	0,36	Body	Open sea	TRUE
cg17878320	-	9.1E-03	0,66	0,55	Intergenic	Open sea	TRUE
cg17919004	-	6.0E-03	0,35	0,19	Intergenic	Open sea	FALSE
cg17926328	LSAMP	7.9E-03	0,64	0,75	Body	Open sea	TRUE
cg17940464	SEC14L1	3.3E-03	0,43	0,33	Body	N_Shelf	FALSE
cg17972100	ABLIM2	9.8E-03	0,58	0,47	Body	Open sea	FALSE
cg17999319	-	4.2E-04	0,74	0,84	Intergenic	Open sea	TRUE
cg18011760	-	5.5E-04	0,67	0,81	Intergenic	Open sea	TRUE
cg18088587	-	7.4E-03	0,68	0,47	Intergenic	N_Shelf	FALSE
cg18148021	PELI2	2.0E-03	0,75	0,63	Body	Open sea	TRUE
cg18149307	SMYD1	1.1E-03	0,64	0,76	Body	Open sea	TRUE
cg18204685	BTD	7.4E-03	0,59	0,72	TSS1500	N_Shore	FALSE
cg18286850	TF	7.9E-03	0,26	0,43	TSS1500	N_Shore	FALSE
cg18334660	TTC39C	1.9E-03	0,55	0,66	5' UTR	N_Shelf	FALSE
cg18346398	-	2.0E-05	0,23	0,36	Intergenic	S_Shore	FALSE
cg18360111	PRR5L	6.4E-03	0,68	0,58	5' UTR	Open sea	TRUE
cg18372467	-	1.9E-03	0,52	0,71	Intergenic	Open sea	TRUE
cg18419358	-	7.9E-03	0,37	0,57	Intergenic	Open sea	TRUE
cg18429374	-	6.0E-03	0,49	0,66	Intergenic	Open sea	TRUE
cg18453320	-	2.8E-04	0,54	0,67	Intergenic	S_Shore	FALSE
cg18460675	-	2.4E-03	0,66	0,53	Intergenic	Open sea	TRUE
cg18495484	COL14A1	3.3E-04	0,47	0,59	Body	Open sea	FALSE
cg18514595	-	1.1E-03	0,03	0,46	Intergenic	Island	FALSE
cg18524788	-	1.0E-04	0,85	0,74	Intergenic	N_Shore	TRUE
cg18548879	-	2.2E-03	0,52	0,64	Intergenic	S_Shore	FALSE
cg18602350	-	3.0E-03	0,34	0,53	Intergenic	Open sea	TRUE
cg18623216	PLCH1	3.8E-03	0,11	0,28	5' UTR	Open sea	TRUE
cg18639495	-	5.2E-03	0,52	0,37	Intergenic	N_Shelf	FALSE
cg18642179	MGMT	7.3E-04	0,51	0,62	TSS1500	N_Shore	FALSE
cg18704527	ARVCF	9.8E-03	0,27	0,16	Body	S_Shore	FALSE
cg18707723	MYOF	3.0E-03	0,64	0,76	Body	Open sea	TRUE
cg18739887	-	8.5E-03	0,67	0,80	Intergenic	S_Shore	FALSE
cg18750819	SMARCAL1	1.9E-03	0,72	0,86	Body	Open sea	TRUE
cg18769074	TF	1.3E-03	0,19	0,31	TSS200	N_Shore	FALSE
cg18771184	-	1.3E-03	0,54	0,68	Intergenic	N_Shore	FALSE
cg18830118	C20orf117	4.5E-03	0,89	0,78	Body	N_Shelf	FALSE
cg18836661	BMPR1B	2.8E-03	0,70	0,59	5' UTR	S_Shelf	FALSE
cg18844145	-	1.9E-03	0,73	0,85	Intergenic	N_Shelf	FALSE
cg18889437	PEX6	6.9E-03	0,54	0,65	TSS1500	S_Shore	FALSE
cg18899117	PARD3B	6.0E-03	0,49	0,33	Body	Open sea	TRUE
cg18933685	SDK1	5.6E-03	0,11	0,22	Body	Open sea	FALSE
cg18947276	STON1-GTF2A1L	1.3E-03	0,58	0,76	TSS1500	Open sea	TRUE
cg18984715	CBLB	1.2E-03	0,79	0,67	Body	Open sea	TRUE
cg19029214	CAPN2	7.3E-04	0,60	0,81	5' UTR	Open sea	TRUE
cg19074292	-	8.0E-04	0,76	0,64	Intergenic	Open sea	TRUE
cg19083265	SEPT9	1.1E-03	0,53	0,35	5' UTR	Open sea	TRUE
cg19087028	C3orf50	9.1E-03	0,57	0,45	Body	S_Shelf	FALSE
cg19116959	ZNF827	7.4E-03	0,19	0,34	Body	Open sea	TRUE
cg19123356	FAM49B	3.8E-04	0,40	0,51	5' UTR	Open sea	TRUE
cg19156046	-	6.6E-04	0,44	0,64	Intergenic	N_Shelf	FALSE
cg19198993	-	9.8E-03	0,74	0,84	Intergenic	Open sea	TRUE
cg19240117	-	5.7E-05	0,62	0,50	Intergenic	N_Shore	FALSE
cg19247032	TFF1	6.9E-03	0,47	0,35	TSS200	Open sea	FALSE
cg19274341	-	1.1E-04	0,30	0,10	Intergenic	Open sea	TRUE
cg19313660	-	3.6E-03	0,64	0,49	Intergenic	Open sea	TRUE
cg19370689	LRRC17	2.2E-03	0,57	0,47	5' UTR	Open sea	TRUE
cg19399100	-	9.8E-03	0,68	0,52	Intergenic	Open sea	FALSE
cg19401277	-	5.5E-04	0,56	0,67	Intergenic	Open sea	TRUE
cg19421218	TIGIT	2.8E-03	0,53	0,64	TSS200	Open sea	FALSE
cg19468883	-	1.5E-03	0,44	0,33	Intergenic	Open sea	FALSE
cg19472079	C20orf194	3.0E-03	0,67	0,55	3' UTR	S_Shore	TRUE
cg19476368	-	3.8E-04	0,66	0,84	Intergenic	Open sea	TRUE
cg19495969	KIRREL3	6.4E-05	0,73	0,59	Body	Open sea	TRUE
cg19496158	-	5.6E-03	0,69	0,57	Intergenic	Open sea	FALSE
cg19503963	SMG6	4.2E-04	0,55	0,45	Body	Open sea	TRUE
cg19521573	RDH10	7.9E-03	0,62	0,51	Body	Open sea	TRUE
cg19566906	-	7.9E-03	0,81	0,91	Intergenic	Open sea	FALSE
cg19599611	AQR	1.7E-04	0,43	0,28	3' UTR	Open sea	FALSE
cg19600494	-	9.5E-04	0,74	0,86	Intergenic	Island	FALSE
cg19602938	-	3.6E-03	0,34	0,23	Intergenic	Open sea	TRUE
cg19636519	-	5.6E-03	0,16	0,32	Intergenic	Open sea	TRUE
cg19655510	SLC2A4RG	6.9E-03	0,87	0,77	Body	Island	FALSE
cg19668315	EFNA5	2.2E-03	0,79	0,68	Body	Open sea	TRUE
cg19683417	-	4.8E-03	0,55	0,69	Intergenic	Open sea	TRUE
cg19721060	ZHX1	7.4E-03	0,44	0,56	5' UTR	N_Shore	FALSE
cg19735903	-	4.1E-03	0,70	0,80	Intergenic	Open sea	TRUE
cg19762801	SEMA3A	6.9E-03	0,70	0,59	3' UTR	Open sea	FALSE
cg19805748	SLC39A11	4.1E-03	0,41	0,27	Body	Open sea	TRUE
cg19815813	A2LD1	8.7E-04	0,61	0,47	TSS200	S_Shore	FALSE
cg19854698	PGBD5	2.0E-03	0,85	0,75	Body	Open sea	TRUE
cg19860160	C1orf159	6.0E-03	0,65	0,55	5' UTR	N_Shore	FALSE
cg19860752	LOC647946	2.8E-03	0,71	0,82	TSS1500	Open sea	FALSE
cg19863426	PLEKHA1	3.1E-03	0,70	0,83	5' UTR	S_Shelf	FALSE
cg19910327	PIPSL	2.3E-04	0,53	0,69	TSS1500	Open sea	FALSE
cg19921577	SMURF1	5.2E-03	0,62	0,75	Body	Open sea	TRUE
cg19931529	UGP2	3.8E-03	0,50	0,40	5' UTR	S_Shelf	FALSE
cg19975849	-	9.1E-03	0,52	0,40	Intergenic	Open sea	TRUE
cg20012247	-	5.6E-03	0,69	0,56	Intergenic	N_Shelf	FALSE
cg20128319	NEURL3	1.2E-03	0,54	0,65	TSS1500	S_Shore	TRUE
cg20193650	-	1.0E-03	0,59	0,43	Intergenic	S_Shelf	FALSE
cg20223392	-	6.0E-03	0,31	0,49	Intergenic	Open sea	FALSE
cg20307292	VWA3B	4.2E-04	0,68	0,81	Body	Open sea	FALSE
cg20390052	-	6.0E-03	0,68	0,81	Intergenic	Open sea	TRUE
cg20408276	CYP1B1	4.6E-05	0,59	0,43	Body	N_Shore	FALSE
cg20481655	-	2.8E-04	0,56	0,42	Intergenic	Open sea	TRUE
cg20502039	SLC25A13	1.9E-04	0,78	0,65	Body	Open sea	TRUE
cg20536146	ISLR	6.9E-03	0,61	0,50	TSS1500	N_Shelf	FALSE
cg20549659	-	3.8E-03	0,80	0,64	Intergenic	Open sea	TRUE
cg20551671	ADAM28	3.8E-03	0,85	0,75	Body	Open sea	TRUE
cg20576590	-	5.6E-03	0,54	0,65	Intergenic	Open sea	TRUE
cg20604446	SCRN3	2.0E-03	0,78	0,60	3' UTR	Open sea	FALSE
cg20699701	PRDM16	6.9E-03	0,17	0,31	Body	Open sea	FALSE
cg20733077	DLEU2	1.2E-03	0,81	0,67	TSS1500	Island	FALSE
cg20769856	-	1.1E-03	0,49	0,62	Intergenic	Open sea	TRUE
cg20771622	-	3.0E-03	0,64	0,53	Intergenic	Open sea	TRUE
cg20797528	-	6.0E-03	0,57	0,45	Intergenic	Open sea	TRUE
cg20820622	TLE3	4.1E-03	0,40	0,52	Body	Open sea	FALSE
cg20829211	GNGT1	2.8E-04	0,45	0,34	TSS200	Open sea	FALSE
cg20859841	-	9.1E-03	0,89	0,44	Intergenic	S_Shore	FALSE
cg20892919	-	2.4E-03	0,51	0,62	Intergenic	Open sea	TRUE
cg20903900	MKS1	1.1E-03	0,51	0,63	TSS1500	S_Shore	FALSE
cg20907614	-	5.2E-03	0,35	0,59	Intergenic	Open sea	TRUE
cg21010202	-	2.6E-04	0,56	0,72	Intergenic	Island	FALSE
cg21020855	FABP7	6.4E-03	0,37	0,48	TSS1500	Open sea	TRUE
cg21031917	KHDRBS2	7.2E-05	0,57	0,67	Body	Open sea	TRUE
cg21041888	FAT1	1.7E-04	0,51	0,66	Body	Open sea	FALSE
cg21049501	SOX9	8.7E-04	0,65	0,80	Body	Island	FALSE
cg21061071	FAT1	1.6E-03	0,70	0,82	Body	Open sea	FALSE
cg21066636	TM4SF5	2.0E-03	0,35	0,24	1st Exon	Open sea	FALSE
cg21070009	MAP2K1	4.1E-03	0,48	0,35	Body	Open sea	TRUE
cg21084456	-	1.1E-03	0,77	0,89	Intergenic	N_Shore	FALSE
cg21113446	PPP2R2B	2.8E-04	0,39	0,57	TSS1500	Open sea	FALSE
cg21125112	ARMC2	2.8E-03	0,46	0,60	Body	Open sea	TRUE
cg21127597	MPZL3	7.4E-03	0,42	0,24	Body	Open sea	TRUE
cg21156320	BLOC1S1	3.0E-03	0,50	0,61	TSS1500	S_Shelf	TRUE
cg21255356	-	2.6E-04	0,41	0,54	Intergenic	Open sea	TRUE
cg21261158	RASA3	1.9E-04	0,41	0,54	Body	Island	FALSE
cg21276456	-	9.5E-04	0,83	0,72	Intergenic	Open sea	TRUE
cg21284028	CDH26	4.8E-03	0,77	0,65	5' UTR	Open sea	FALSE
cg21333674	-	1.0E-03	0,13	0,33	Intergenic	Open sea	TRUE
cg21336594	FRAS1	3.3E-03	0,73	0,50	Body	Open sea	TRUE
cg21339799	ARHGAP15	2.6E-04	0,63	0,76	Body	Open sea	TRUE
cg21347347	-	1.5E-04	0,57	0,69	Intergenic	Open sea	TRUE
cg21393885	-	4.5E-03	0,70	0,59	Intergenic	N_Shore	TRUE
cg21431832	HPS4	3.6E-03	0,18	0,39	TSS200	N_Shelf	FALSE
cg21434081	-	2.6E-04	0,46	0,57	Intergenic	S_Shelf	FALSE
cg21441555	-	2.0E-03	0,63	0,52	Intergenic	Open sea	FALSE
cg21442998	VGLL4	7.4E-03	0,44	0,55	3' UTR	Open sea	FALSE
cg21511203	PLEC1	6.4E-03	0,60	0,71	TSS1500	N_Shore	TRUE
cg21557087	-	2.1E-03	0,62	0,76	Intergenic	Open sea	TRUE
cg21584846	-	8.5E-03	0,39	0,49	Intergenic	Open sea	TRUE
cg21592091	-	7.4E-03	0,66	0,54	Intergenic	Open sea	TRUE
cg21622186	C1S	1.5E-03	0,79	0,68	TSS1500	Open sea	FALSE
cg21747628	-	9.0E-05	0,43	0,32	Intergenic	Open sea	FALSE
cg21774964	-	8.5E-03	0,63	0,77	Intergenic	Open sea	TRUE
cg21800284	-	8.5E-03	0,33	0,18	Intergenic	S_Shore	FALSE
cg21831174	MASP1	4.5E-03	0,53	0,42	TSS1500	Open sea	FALSE
cg21831485	CCDC129	2.8E-04	0,67	0,80	Body	Open sea	FALSE
cg21861305	CD2	3.8E-03	0,77	0,64	TSS1500	Open sea	FALSE
cg21879102	CIT	6.4E-03	0,46	0,33	Body	N_Shore	FALSE
cg21880888	DDR2	8.0E-04	0,38	0,49	5' UTR	Open sea	TRUE
cg21934189	-	3.4E-04	0,62	0,47	Intergenic	Open sea	TRUE
cg21942532	-	5.1E-05	0,78	0,65	Intergenic	N_Shelf	TRUE
cg22030047	C11orf16	3.8E-04	0,55	0,45	5' UTR	Open sea	TRUE
cg22079057	VGLL4	8.7E-04	0,47	0,62	Body	N_Shelf	FALSE
cg22188603	ARHGAP26	4.5E-03	0,68	0,54	Body	Open sea	TRUE
cg22203890	-	1.6E-03	0,44	0,57	Intergenic	Open sea	FALSE
cg22210061	-	2.8E-04	0,65	0,53	Intergenic	S_Shelf	FALSE
cg22240998	ITPR1	1.1E-03	0,60	0,50	Body	Open sea	TRUE
cg22246344	-	5.7E-05	0,49	0,36	Intergenic	S_Shore	FALSE
cg22272056	TCP11L1	2.0E-03	0,74	0,84	Body	S_Shelf	FALSE
cg22277567	HDAC4	2.2E-03	0,75	0,63	Body	Open sea	TRUE
cg22295864	-	6.0E-05	0,40	0,26	Intergenic	Open sea	TRUE
cg22327175	SORL1	9.1E-03	0,38	0,21	Body	S_Shore	FALSE
cg22358291	WDR1	2.1E-04	0,69	0,80	Body	Open sea	FALSE
cg22360842	PID1	6.0E-03	0,61	0,45	TSS1500	S_Shore	FALSE
cg22405493	-	5.6E-03	0,43	0,33	Intergenic	Open sea	TRUE
cg22417613	KIAA1549	6.9E-03	0,45	0,57	Body	Open sea	TRUE
cg22461390	MIR596	6.6E-04	0,80	0,65	TSS1500	Island	FALSE
cg22534898	ITIH4	1.2E-03	0,40	0,53	TSS1500	Open sea	FALSE
cg22542373	-	2.0E-03	0,39	0,54	Intergenic	Open sea	TRUE
cg22575966	TMTC4	9.0E-05	0,75	0,57	Body	Open sea	TRUE
cg22590902	AGBL1	5.6E-03	0,37	0,49	Body	Open sea	TRUE
cg22611900	UBTD1	1.9E-04	0,42	0,27	Body	Open sea	TRUE
cg22620071	-	1.1E-04	0,43	0,53	Intergenic	Open sea	TRUE
cg22631203	-	3.6E-03	0,59	0,71	Intergenic	Open sea	TRUE
cg22635491	TBX3	1.0E-03	0,36	0,18	Body	Island	FALSE
cg22671903	TFCP2L1	2.2E-03	0,64	0,79	Body	N_Shelf	FALSE
cg22688160	SDHB	2.6E-03	0,65	0,76	TSS1500	S_Shore	FALSE
cg22701056	-	2.3E-04	0,69	0,79	Intergenic	Open sea	TRUE
cg22703162	-	5.5E-04	0,23	0,11	Intergenic	N_Shore	FALSE
cg22706106	C1orf77	8.0E-05	0,16	0,29	TSS1500	S_Shore	FALSE
cg22738642	-	2.4E-03	0,27	0,38	Intergenic	Open sea	TRUE
cg22740835	DDR2	3.1E-04	0,48	0,61	5' UTR	Open sea	TRUE
cg22745369	-	9.1E-03	0,15	0,25	Intergenic	Open sea	TRUE
cg22775636	-	7.4E-03	0,64	0,74	Intergenic	Open sea	TRUE
cg22775642	SCARB1	5.5E-04	0,62	0,74	Body	Open sea	TRUE
cg22796355	MARCH10	3.1E-04	0,76	0,88	Body	S_Shore	TRUE
cg22803477	AADACL3	2.0E-03	0,79	0,65	5' UTR	Open sea	TRUE
cg22838882	PISRT1	2.2E-03	0,62	0,45	Body	Open sea	FALSE
cg22843538	USP43	8.5E-03	0,35	0,23	Body	Open sea	FALSE
cg22846510	SEMA3A	5.6E-03	0,63	0,74	Body	Open sea	TRUE
cg22871233	HEPN1	7.9E-03	0,62	0,76	1st Exon	N_Shore	TRUE
cg22898745	-	8.5E-03	0,41	0,54	Intergenic	Open sea	FALSE
cg22900476	RAPGEF4	2.1E-04	0,26	0,46	Body	Open sea	TRUE
cg22923006	TMCO3	4.5E-03	0,59	0,48	Body	S_Shelf	FALSE
cg22926923	-	1.2E-03	0,28	0,40	Intergenic	Island	FALSE
cg22969014	PDZRN4	1.2E-03	0,65	0,77	Body	Open sea	TRUE
cg22986569	-	9.1E-03	0,53	0,32	Intergenic	Open sea	FALSE
cg23022313	PC	2.2E-03	0,38	0,53	5' UTR	Open sea	TRUE
cg23033870	TMPRSS5	5.7E-04	0,62	0,74	TSS1500	Open sea	FALSE
cg23045908	PDE4B	3.3E-03	0,37	0,65	Body	Open sea	TRUE
cg23074996	TMEM108	2.0E-03	0,56	0,67	5' UTR	Open sea	TRUE
cg23083074	PPM1K	3.3E-03	0,71	0,53	5' UTR	N_Shelf	FALSE
cg23093870	LOC145837	3.8E-03	0,58	0,46	TSS1500	Open sea	TRUE
cg23105419	THADA	3.6E-03	0,68	0,53	Body	Open sea	TRUE
cg23111196	-	6.9E-03	0,56	0,42	Intergenic	Open sea	TRUE
cg23181899	LPP	6.6E-04	0,56	0,41	5' UTR	Open sea	FALSE
cg23208271	ELMO1	1.1E-03	0,79	0,65	Body	Open sea	TRUE
cg23224619	DGKD	6.4E-03	0,63	0,76	1st Exon	Open sea	FALSE
cg23256579	PRR4	1.3E-03	0,37	0,55	TSS1500	Open sea	FALSE
cg23272369	PRR4	1.5E-03	0,38	0,49	5' UTR	Open sea	FALSE
cg23282442	C8orf12	6.9E-03	0,59	0,69	TSS200	Open sea	FALSE
cg23304298	-	9.1E-03	0,37	0,23	Intergenic	N_Shore	FALSE
cg23309527	-	3.0E-03	0,63	0,49	Intergenic	Open sea	TRUE
cg23371436	NAV2	7.9E-03	0,71	0,59	Body	Open sea	TRUE
cg23387863	SGK269	6.0E-03	0,72	0,85	Body	Open sea	TRUE
cg23400607	-	1.0E-03	0,55	0,71	Intergenic	Open sea	TRUE
cg23421114	-	7.4E-03	0,77	0,66	Intergenic	S_Shelf	TRUE
cg23475112	SLC22A5	3.3E-03	0,74	0,87	Body	Open sea	FALSE
cg23482132	FMNL2	1.9E-04	0,38	0,53	Body	Open sea	TRUE
cg23489226	-	4.6E-05	0,53	0,69	Intergenic	Open sea	TRUE
cg23512701	DSC2	1.5E-03	0,72	0,83	TSS1500	S_Shore	FALSE
cg23526504	-	6.9E-03	0,53	0,63	Intergenic	Open sea	FALSE
cg23535596	TFAP2A	9.8E-03	0,23	0,55	TSS1500	N_Shore	TRUE
cg23541926	PLCH1	9.8E-03	0,15	0,28	TSS200	Open sea	TRUE
cg23558626	-	6.0E-03	0,73	0,63	Intergenic	Open sea	TRUE
cg23574443	LOC100128288	4.0E-03	0,83	0,66	TSS200	Open sea	TRUE
cg23609707	-	1.2E-03	0,55	0,69	Intergenic	Open sea	TRUE
cg23630867	-	9.1E-03	0,62	0,50	Intergenic	Open sea	TRUE
cg23647784	KIAA1217	9.0E-05	0,55	0,66	5' UTR	Open sea	TRUE
cg23651872	TBC1D16	1.0E-03	0,62	0,76	Body	S_Shore	FALSE
cg23693293	-	5.2E-03	0,62	0,47	Intergenic	Open sea	TRUE
cg23695211	PRR5	2.2E-03	0,59	0,43	5' UTR	Open sea	FALSE
cg23697796	LOC100188947	5.0E-04	0,68	0,79	Body	Open sea	FALSE
cg23715732	RPTOR	1.2E-03	0,69	0,84	Body	S_Shelf	FALSE
cg23737263	-	9.1E-07	0,18	0,28	Intergenic	S_Shore	FALSE
cg23752651	TNFRSF1A	9.5E-04	0,58	0,70	Body	Open sea	FALSE
cg23831876	SLC1A4	6.1E-04	0,40	0,30	5' UTR	Open sea	TRUE
cg23855093	GPR128	1.7E-03	0,56	0,68	1st Exon	Open sea	FALSE
cg23858650	-	1.0E-04	0,51	0,64	Intergenic	Open sea	FALSE
cg23863157	-	2.6E-03	0,56	0,42	Intergenic	Open sea	TRUE
cg23887149	-	2.1E-04	0,57	0,71	Intergenic	Open sea	FALSE
cg23887948	STRA6	9.0E-05	0,80	0,67	5' UTR	Open sea	TRUE
cg23924222	-	1.7E-03	0,69	0,80	Intergenic	Open sea	TRUE
cg23937582	CASZ1	5.7E-05	0,33	0,44	5' UTR	Island	FALSE
cg23942311	-	5.6E-03	0,32	0,47	Intergenic	Open sea	TRUE
cg23945952	CRTC1	7.9E-03	0,73	0,87	Body	S_Shore	TRUE
cg23965588	RNF121	2.2E-03	0,69	0,79	Body	Open sea	TRUE
cg23973972	-	1.9E-03	0,33	0,46	Intergenic	Open sea	FALSE
cg23985408	FBXW11	7.9E-03	0,67	0,55	Body	Open sea	TRUE
cg23999526	SCFD2	7.2E-05	0,73	0,84	Body	Open sea	TRUE
cg24016448	VGLL4	7.2E-05	0,68	0,79	Body	N_Shelf	FALSE
cg24049888	POU2AF1	1.5E-03	0,38	0,48	5' UTR	Open sea	TRUE
cg24069286	LRP2BP	3.4E-04	0,69	0,81	TSS1500	Open sea	FALSE
cg24078695	CAPN9	6.0E-03	0,46	0,34	TSS200	Open sea	FALSE
cg24104608	-	4.2E-04	0,54	0,41	Intergenic	Open sea	FALSE
cg24112000	-	6.9E-03	0,52	0,42	Intergenic	S_Shore	TRUE
cg24133207	MIR149	2.4E-03	0,30	0,13	TSS200	Island	FALSE
cg24140528	-	1.3E-03	0,44	0,55	Intergenic	Open sea	TRUE
cg24166814	-	1.9E-03	0,54	0,40	Intergenic	Open sea	TRUE
cg24194285	VEGFC	1.5E-03	0,66	0,49	TSS1500	S_Shore	TRUE
cg24207610	CYP2F1	3.8E-03	0,67	0,56	Body	N_Shore	FALSE
cg24255269	PISRT1	1.9E-03	0,54	0,33	TSS200	Open sea	FALSE
cg24296761	ARHGEF1	4.6E-04	0,67	0,52	Body	Island	FALSE
cg24297509	-	2.6E-03	0,63	0,75	Intergenic	Open sea	TRUE
cg24299913	ARHGEF1	4.2E-04	0,80	0,70	Body	Island	FALSE
cg24300154	-	6.0E-03	0,65	0,52	Intergenic	Open sea	FALSE
cg24364491	TAP2	1.2E-03	0,79	0,68	TSS1500	S_Shore	FALSE
cg24395504	-	1.1E-03	0,53	0,65	Intergenic	Open sea	TRUE
cg24420726	SIPA1L3	3.6E-03	0,88	0,70	Body	Island	FALSE
cg24466939	-	2.6E-03	0,30	0,17	Intergenic	Open sea	TRUE
cg24504414	AP2A2	8.5E-03	0,69	0,48	Body	Open sea	FALSE
cg24610349	SMURF1	9.5E-04	0,46	0,58	Body	Open sea	TRUE
cg24637035	CCDC64	7.9E-03	0,50	0,22	Body	Open sea	TRUE
cg24637261	SYNPO2L	5.2E-03	0,54	0,67	TSS200	S_Shelf	FALSE
cg24680415	-	6.6E-04	0,67	0,80	Intergenic	Open sea	TRUE
cg24720008	-	3.8E-03	0,35	0,23	Intergenic	N_Shore	FALSE
cg24726705	ARNT2	2.8E-04	0,62	0,72	Body	Open sea	TRUE
cg24756642	-	4.5E-03	0,54	0,66	Intergenic	S_Shore	TRUE
cg24777101	PDE7B	4.8E-03	0,51	0,39	Body	Open sea	TRUE
cg24802745	-	6.6E-04	0,52	0,64	Intergenic	S_Shore	FALSE
cg24820828	CDV3	6.0E-03	0,58	0,44	Body	Open sea	FALSE
cg24852135	AUTS2	8.5E-03	0,53	0,36	Body	Open sea	TRUE
cg24901707	C8orf12	6.9E-03	0,49	0,59	TSS200	Open sea	FALSE
cg24909660	NR1H3	6.9E-03	0,31	0,17	5' UTR	Open sea	TRUE
cg24926706	-	2.4E-03	0,69	0,52	Intergenic	Open sea	TRUE
cg24940370	-	5.2E-03	0,40	0,30	Intergenic	Open sea	FALSE
cg24999727	HSD17B13	6.1E-04	0,76	0,60	1st Exon	Open sea	TRUE
cg25007447	-	9.5E-04	0,65	0,81	Intergenic	Open sea	TRUE
cg25020286	PAX7	2.8E-03	0,44	0,25	TSS1500	Island	TRUE
cg25028855	EXTL3	3.3E-03	0,52	0,64	5' UTR	S_Shore	FALSE
cg25029657	ACOT7	9.5E-04	0,68	0,82	Body	Open sea	FALSE
cg25030694	-	5.2E-03	0,82	0,69	Intergenic	Open sea	TRUE
cg25046720	-	1.1E-03	0,38	0,57	Intergenic	Open sea	TRUE
cg25094467	-	2.4E-03	0,63	0,76	Intergenic	Open sea	FALSE
cg25103275	CYMP	1.6E-03	0,71	0,59	Body	Open sea	TRUE
cg25140444	PKN2	4.8E-03	0,80	0,67	Body	Open sea	TRUE
cg25144574	SLC1A3	2.6E-04	0,74	0,63	Body	Open sea	TRUE
cg25148341	ANKH	1.2E-04	0,67	0,79	Body	Open sea	TRUE
cg25196611	ROR1	2.2E-03	0,79	0,67	Body	Open sea	TRUE
cg25208291	MECOM	9.5E-04	0,83	0,57	Body	Open sea	TRUE
cg25214561	ATG7	7.4E-03	0,48	0,61	Body	Open sea	TRUE
cg25221774	PCCA	1.3E-05	0,56	0,46	Body	Open sea	FALSE
cg25259479	PTPRN2	5.9E-03	0,62	0,72	Body	N_Shore	FALSE
cg25326378	-	7.4E-03	0,37	0,27	Intergenic	Open sea	TRUE
cg25339052	-	1.2E-03	0,56	0,72	Intergenic	Open sea	TRUE
cg25341089	FBRSL1	6.0E-03	0,73	0,55	Body	Island	FALSE
cg25351755	TMEM154	2.5E-05	0,44	0,33	Body	Open sea	TRUE
cg25355291	-	5.2E-03	0,53	0,64	Intergenic	Open sea	TRUE
cg25360385	GALNT6	3.3E-03	0,53	0,66	TSS1500	S_Shore	FALSE
cg25379036	TPD52L1	4.1E-03	0,68	0,56	Body	Open sea	TRUE
cg25428177	-	9.5E-04	0,67	0,79	Intergenic	N_Shelf	FALSE
cg25446612	PP14571	5.5E-04	0,73	0,60	TSS1500	S_Shore	TRUE
cg25463399	-	1.7E-03	0,55	0,67	Intergenic	N_Shelf	FALSE
cg25470148	RUNX3	7.9E-03	0,57	0,39	TSS1500	Island	FALSE
cg25491905	THY1	3.6E-03	0,52	0,71	3' UTR	N_Shelf	TRUE
cg25500795	NCKAP5	1.5E-03	0,69	0,56	Body	Open sea	TRUE
cg25531341	UTRN	3.0E-03	0,53	0,66	Body	Open sea	TRUE
cg25540028	LPAR6	3.0E-03	0,70	0,58	TSS200	Open sea	FALSE
cg25561639	-	2.6E-03	0,70	0,53	Intergenic	Open sea	TRUE
cg25568114	-	7.4E-03	0,66	0,79	Intergenic	Island	FALSE
cg25578225	PTPRK	6.1E-04	0,72	0,60	Body	Open sea	TRUE
cg25604247	CPNE4	1.9E-03	0,65	0,76	Body	Open sea	TRUE
cg25606842	-	1.9E-03	0,55	0,67	Intergenic	Open sea	TRUE
cg25614875	ESRRG	4.1E-03	0,64	0,75	TSS1500	S_Shore	FALSE
cg25652751	HMG20A	4.8E-03	0,73	0,85	5' UTR	Open sea	TRUE
cg25656762	-	1.2E-03	0,68	0,80	Intergenic	Open sea	TRUE
cg25669593	-	2.2E-03	0,69	0,80	Intergenic	N_Shore	FALSE
cg25675673	-	1.4E-04	0,62	0,76	Intergenic	Open sea	TRUE
cg25680629	CRTAP	3.0E-03	0,70	0,85	3' UTR	Open sea	TRUE
cg25683810	-	1.3E-03	0,53	0,66	Intergenic	Open sea	TRUE
cg25690202	SIPA1L3	1.9E-03	0,85	0,67	Body	Island	FALSE
cg25696972	-	4.5E-03	0,64	0,74	Intergenic	Open sea	FALSE
cg25720264	PLEKHA5	4.5E-03	0,26	0,37	5' UTR	Open sea	TRUE
cg25726699	C6orf217	9.8E-03	0,59	0,47	Body	Open sea	TRUE
cg25737218	ARID3A	1.7E-03	0,81	0,69	Body	S_Shore	FALSE
cg25743622	SUSD4	5.5E-04	0,68	0,78	Body	Open sea	TRUE
cg25760783	-	6.0E-03	0,72	0,82	Intergenic	Open sea	TRUE
cg25810792	-	7.3E-04	0,19	0,30	Intergenic	Open sea	FALSE
cg25851751	PRSS23	3.6E-03	0,48	0,33	5' UTR	S_Shelf	FALSE
cg25883066	-	4.2E-04	0,47	0,59	Intergenic	Open sea	TRUE
cg25932315	KCNMA1	4.5E-03	0,77	0,66	Body	Open sea	TRUE
cg25956106	ANTXRL	1.0E-03	0,48	0,35	Body	Open sea	TRUE
cg25957114	SPINK6	1.5E-03	0,74	0,91	5' UTR	Open sea	FALSE
cg25960403	MIR572	6.4E-03	0,54	0,38	TSS1500	N_Shore	FALSE
cg25994871	NRCAM	1.4E-04	0,64	0,48	5' UTR	Open sea	TRUE
cg25996586	NPR3	4.8E-03	0,43	0,54	3' UTR	Open sea	FALSE
cg26055899	KIAA0922	3.6E-03	0,42	0,59	Body	Open sea	TRUE
cg26063719	VIM	3.8E-03	0,18	0,39	Body	S_Shore	FALSE
cg26121810	-	5.0E-04	0,38	0,51	Intergenic	Open sea	TRUE
cg26136497	CABLES1	2.8E-04	0,55	0,75	TSS1500	Open sea	TRUE
cg26137103	-	1.6E-03	0,72	0,53	Intergenic	Open sea	TRUE
cg26138073	-	2.9E-05	0,62	0,50	Intergenic	Open sea	TRUE
cg26142972	ACCN4	4.6E-04	0,53	0,63	3' UTR	N_Shore	TRUE
cg26163319	-	7.3E-04	0,73	0,62	Intergenic	Open sea	TRUE
cg26169783	-	2.1E-04	0,31	0,44	Intergenic	Open sea	FALSE
cg26174807	-	3.6E-03	0,55	0,69	Intergenic	Open sea	TRUE
cg26210364	-	5.1E-03	0,42	0,54	Intergenic	Open sea	TRUE
cg26236009	PMEPA1	6.1E-04	0,73	0,85	5' UTR	N_Shelf	FALSE
cg26275647	MDFIC	7.9E-03	0,63	0,50	Body	Open sea	TRUE
cg26286901	PEBP4	6.0E-03	0,56	0,71	Body	Open sea	FALSE
cg26317006	-	4.8E-03	0,67	0,43	Intergenic	Open sea	FALSE
cg26323752	-	5.6E-03	0,63	0,49	Intergenic	Open sea	TRUE
cg26427534	PPFIBP2	7.3E-04	0,49	0,60	Body	Open sea	TRUE
cg26443646	-	2.6E-03	0,61	0,74	Intergenic	Open sea	FALSE
cg26521402	STEAP2	3.0E-03	0,69	0,59	TSS1500	S_Shore	TRUE
cg26558862	PBRM1	4.2E-05	0,78	0,88	Body	Open sea	TRUE
cg26581504	BCO2	2.6E-03	0,82	0,63	TSS200	Open sea	FALSE
cg26655294	RGS7BP	9.5E-04	0,39	0,28	3' UTR	Open sea	FALSE
cg26732544	ZNF438	5.6E-03	0,26	0,36	5' UTR	Open sea	TRUE
cg26748598	-	5.2E-03	0,73	0,51	Intergenic	Open sea	TRUE
cg26759179	GRK5	1.3E-03	0,70	0,59	Body	Open sea	TRUE
cg26761744	C6orf105	7.4E-03	0,60	0,45	5' UTR	Open sea	TRUE
cg26791879	-	8.0E-04	0,42	0,60	Intergenic	Open sea	FALSE
cg26804315	ALG14	1.9E-03	0,61	0,47	Body	Open sea	TRUE
cg26805503	CYFIP1	4.2E-04	0,66	0,77	5' UTR	Open sea	TRUE
cg26812615	MAP1LC3B2	6.1E-04	0,37	0,55	TSS1500	Open sea	TRUE
cg26814100	MAP7	2.4E-03	0,39	0,57	Body	Open sea	TRUE
cg26842310	-	8.7E-04	0,35	0,21	Intergenic	Open sea	TRUE
cg26846609	THUMPD1	8.5E-03	0,46	0,19	Body	N_Shelf	FALSE
cg26860604	WWP2	5.0E-04	0,71	0,87	5' UTR	Open sea	TRUE
cg26868806	NCRNA00200	2.4E-03	0,53	0,64	Body	S_Shore	FALSE
cg26898932	CCDC55	9.1E-03	0,55	0,42	TSS1500	N_Shore	FALSE
cg26905261	ST18	1.9E-03	0,45	0,55	TSS200	Open sea	FALSE
cg26967755	KATNB1	9.8E-03	0,58	0,73	Body	S_Shelf	FALSE
cg26971928	RBPMS	3.6E-03	0,79	0,59	Body	Open sea	TRUE
cg26990406	-	6.4E-03	0,85	0,71	Intergenic	Island	FALSE
cg27012424	DLGAP1	8.5E-03	0,72	0,62	Body	S_Shore	TRUE
cg27023360	-	1.9E-03	0,72	0,62	Intergenic	Open sea	TRUE
cg27038634	-	2.8E-03	0,37	0,52	Intergenic	N_Shore	TRUE
cg27040696	-	9.1E-03	0,76	0,58	Intergenic	Island	FALSE
cg27046920	-	7.9E-03	0,69	0,82	Intergenic	S_Shore	FALSE
cg27064482	MKL2	1.5E-03	0,53	0,38	Body	Open sea	TRUE
cg27138901	CLEC2D	2.0E-03	0,50	0,37	3' UTR	Open sea	FALSE
cg27143703	TBC1D16	9.5E-04	0,75	0,61	Body	Open sea	TRUE
cg27145347	ALDH3B1	1.0E-03	0,51	0,64	3' UTR	N_Shelf	TRUE
cg27146356	-	7.4E-03	0,55	0,66	Intergenic	S_Shelf	FALSE
cg27162392	MAD1L1	4.8E-03	0,76	0,59	Body	Open sea	FALSE
cg27183823	CRAMP1L	2.4E-03	0,67	0,82	Body	N_Shore	FALSE
cg27222736	-	8.5E-03	0,21	0,39	Intergenic	N_Shore	FALSE
cg27297318	-	1.0E-03	0,28	0,43	Intergenic	N_Shore	TRUE
cg27365627	-	3.3E-03	0,73	0,60	Intergenic	Open sea	TRUE
cg27380774	AP2A2	7.4E-03	0,70	0,57	Body	Open sea	FALSE
cg27402845	AP2A2	2.0E-03	0,73	0,58	Body	Open sea	FALSE
cg27450010	LDB2	2.2E-03	0,37	0,51	Body	Open sea	TRUE
cg27450668	MEGF6	5.5E-04	0,67	0,84	Body	Island	FALSE
cg27467114	-	6.9E-03	0,35	0,21	Intergenic	S_Shelf	FALSE
cg27482328	MUC5B	1.2E-03	0,63	0,73	Body	N_Shore	TRUE
cg27490391	LHFP	3.8E-03	0,44	0,28	Body	Open sea	TRUE
cg27523087	-	5.2E-03	0,10	0,22	Intergenic	Open sea	TRUE
cg27579233	ZBTB40	6.9E-03	0,60	0,73	Body	Open sea	FALSE
cg27614534	ALPK2	1.2E-03	0,69	0,52	TSS1500	Open sea	TRUE
cg27615582	PRR4	8.7E-04	0,52	0,65	TSS1500	Open sea	FALSE
cg27621997	CCDC86	2.6E-03	0,53	0,70	TSS1500	N_Shore	FALSE
cg27628340	TG	7.9E-03	0,67	0,78	Body	Open sea	FALSE
cg27649037	ST18	5.6E-03	0,54	0,71	TSS200	Open sea	FALSE
cg27653165	-	2.4E-03	0,60	0,73	Intergenic	Open sea	TRUE
cg27661394	-	3.6E-03	0,62	0,73	Intergenic	Open sea	TRUE
							
*Enhancers, 450K BeadChip annotation							